T,power,danger,structure,coverage
5000,-0.00230,-0.11832,-0.00645,0.297
5100,-0.00227,-0.11907,-0.00677,0.297
5200,-0.00276,-0.11912,-0.00707,0.296
5300,-0.00404,-0.11880,-0.00668,0.297
5400,-0.00526,-0.11898,-0.00635,0.297
5500,-0.00503,-0.11885,-0.00610,0.297
5600,-0.00497,-0.11790,-0.00627,0.297
5700,-0.00510,-0.11750,-0.00645,0.298
5800,-0.00540,-0.11674,-0.00608,0.298
5900,-0.00513,-0.11550,-0.00599,0.299
6000,-0.00551,-0.11473,-0.00567,0.298
6100,-0.00527,-0.11572,-0.00530,0.298
6200,-0.00518,-0.11480,-0.00581,0.297
6300,-0.00676,-0.11319,-0.00611,0.297
6400,-0.00671,-0.11326,-0.00647,0.297
6500,-0.00679,-0.11330,-0.00654,0.298
6600,-0.00752,-0.11290,-0.00669,0.297
6700,-0.00762,-0.11262,-0.00636,0.298
6800,-0.00785,-0.11308,-0.00639,0.299
6900,-0.00565,-0.11383,-0.00652,0.298
7000,-0.00445,-0.11316,-0.00660,0.298
7100,-0.00308,-0.11262,-0.00716,0.297
7200,-0.00203,-0.11180,-0.00703,0.297
7300,-0.00119,-0.11097,-0.00701,0.297
7400,-0.00118,-0.11031,-0.00706,0.296
7500,-0.00072,-0.10960,-0.00738,0.295
7600,0.00105,-0.10913,-0.00762,0.295
7700,0.00017,-0.10994,-0.00793,0.295
7800,0.00085,-0.11080,-0.00847,0.295
7900,0.00164,-0.11147,-0.00863,0.296
8000,0.00244,-0.11183,-0.00875,0.296
8100,0.00251,-0.11173,-0.00921,0.296
8200,0.00411,-0.11247,-0.00894,0.295
8300,0.00570,-0.11319,-0.00915,0.294
8400,0.00605,-0.11413,-0.00949,0.295
8500,0.00666,-0.11473,-0.00947,0.295
8600,0.00711,-0.11556,-0.00942,0.295
8700,0.00694,-0.11682,-0.00974,0.295
8800,0.00678,-0.11729,-0.01007,0.294
8900,0.00763,-0.11797,-0.01028,0.295
9000,0.00765,-0.11857,-0.01035,0.296
9100,0.00717,-0.11860,-0.01068,0.296
9200,0.00674,-0.11859,-0.01051,0.296
9300,0.00690,-0.11898,-0.01028,0.297
9400,0.00659,-0.11893,-0.01074,0.296
9500,0.00667,-0.11809,-0.01050,0.297
9600,0.00679,-0.11791,-0.01038,0.298
9700,0.00676,-0.11876,-0.01051,0.299
9800,0.00571,-0.11897,-0.01066,0.300
9900,0.00526,-0.11924,-0.01025,0.300
10000,0.00561,-0.12055,-0.01057,0.300
10100,0.00638,-0.12124,-0.01052,0.300
10200,0.00660,-0.12262,-0.01057,0.301
10300,0.00660,-0.12338,-0.01053,0.302
10400,0.00742,-0.12341,-0.01061,0.302
10500,0.00781,-0.12394,-0.01102,0.303
10600,0.00734,-0.12392,-0.01098,0.304
10700,0.00733,-0.12613,-0.01075,0.303
10800,0.00626,-0.12697,-0.01086,0.303
10900,0.00530,-0.12804,-0.01034,0.303
11000,0.00626,-0.12845,-0.00981,0.304
11100,0.00599,-0.12882,-0.00948,0.305
11200,0.00637,-0.12834,-0.00891,0.305
11300,0.00632,-0.12769,-0.00834,0.304
11400,0.00578,-0.12668,-0.00758,0.304
11500,0.00659,-0.12462,-0.00732,0.305
11600,0.00655,-0.12404,-0.00693,0.305
11700,0.00743,-0.12354,-0.00643,0.304
11800,0.00776,-0.12397,-0.00650,0.303
11900,0.00611,-0.12259,-0.00651,0.302
12000,0.00457,-0.12267,-0.00667,0.302
12100,0.00406,-0.12180,-0.00684,0.302
12200,0.00431,-0.12154,-0.00691,0.302
12300,0.00318,-0.12088,-0.00685,0.301
12400,0.00437,-0.12035,-0.00678,0.302
12500,0.00523,-0.12031,-0.00676,0.303
12600,0.00620,-0.12052,-0.00718,0.302
12700,0.00747,-0.11990,-0.00741,0.302
12800,0.00717,-0.11943,-0.00735,0.302
12900,0.00731,-0.11956,-0.00781,0.302
13000,0.00649,-0.11870,-0.00786,0.301
13100,0.00568,-0.11914,-0.00753,0.301
13200,0.00416,-0.11940,-0.00729,0.301
13300,0.00339,-0.11954,-0.00724,0.301
13400,0.00248,-0.11880,-0.00711,0.301
13500,0.00172,-0.11776,-0.00709,0.300
13600,0.00173,-0.11731,-0.00710,0.300
13700,0.00098,-0.11642,-0.00690,0.300
13800,0.00049,-0.11585,-0.00667,0.301
13900,0.00094,-0.11612,-0.00649,0.302
14000,0.00038,-0.11688,-0.00651,0.302
14100,-0.00029,-0.11697,-0.00628,0.301
14200,-0.00043,-0.11535,-0.00574,0.301
14300,-0.00071,-0.11423,-0.00520,0.302
14400,-0.00067,-0.11270,-0.00487,0.303
14500,-0.00177,-0.11175,-0.00428,0.304
14600,-0.00061,-0.11205,-0.00302,0.304
14700,-0.00014,-0.11144,-0.00236,0.304
14800,-0.00122,-0.11038,-0.00192,0.304
14900,-0.00158,-0.11054,-0.00248,0.304
15000,-0.00101,-0.11043,-0.00260,0.304
15100,-0.00116,-0.10953,-0.00227,0.304
15200,-0.00140,-0.10929,-0.00231,0.304
15300,-0.00172,-0.10843,-0.00272,0.304
15400,-0.00193,-0.10722,-0.00292,0.303
15500,-0.00222,-0.10739,-0.00306,0.304
15600,-0.00227,-0.10691,-0.00316,0.304
15700,-0.00244,-0.10658,-0.00353,0.303
15800,-0.00262,-0.10631,-0.00391,0.304
15900,-0.00245,-0.10783,-0.00422,0.304
16000,-0.00110,-0.10895,-0.00374,0.305
16100,-0.00104,-0.10926,-0.00360,0.305
16200,-0.00087,-0.10924,-0.00335,0.305
16300,-0.00018,-0.10885,-0.00327,0.305
16400,-0.00129,-0.10864,-0.00307,0.306
16500,-0.00169,-0.10832,-0.00315,0.306
16600,-0.00172,-0.10915,-0.00272,0.307
16700,-0.00191,-0.10859,-0.00274,0.306
16800,-0.00238,-0.10719,-0.00300,0.306
16900,-0.00434,-0.10666,-0.00320,0.307
17000,-0.00645,-0.10592,-0.00288,0.307
17100,-0.00697,-0.10665,-0.00242,0.307
17200,-0.00747,-0.10561,-0.00261,0.309
17300,-0.00902,-0.10644,-0.00263,0.309
17400,-0.00853,-0.10655,-0.00267,0.310
17500,-0.00976,-0.10683,-0.00250,0.311
17600,-0.01048,-0.10576,-0.00251,0.311
17700,-0.01215,-0.10443,-0.00236,0.312
17800,-0.01330,-0.10304,-0.00159,0.312
17900,-0.01289,-0.10317,-0.00135,0.312
18000,-0.01370,-0.10307,-0.00157,0.312
18100,-0.01365,-0.10315,-0.00082,0.313
18200,-0.01352,-0.10327,-0.00069,0.314
18300,-0.01446,-0.10311,-0.00052,0.314
18400,-0.01417,-0.10309,-0.00026,0.313
18500,-0.01415,-0.10332,-0.00037,0.314
18600,-0.01390,-0.10323,-0.00013,0.314
18700,-0.01299,-0.10284,0.00060,0.314
18800,-0.01212,-0.10264,0.00115,0.315
18900,-0.01221,-0.10271,0.00174,0.315
19000,-0.01251,-0.10198,0.00177,0.314
19100,-0.01130,-0.10262,0.00191,0.314
19200,-0.01140,-0.10292,0.00200,0.314
19300,-0.01063,-0.10289,0.00187,0.313
19400,-0.01043,-0.10271,0.00232,0.313
19500,-0.01046,-0.10407,0.00247,0.312
19600,-0.01006,-0.10473,0.00237,0.311
19700,-0.00960,-0.10534,0.00267,0.311
19800,-0.00901,-0.10512,0.00286,0.310
19900,-0.00864,-0.10462,0.00291,0.310
20000,-0.00834,-0.10422,0.00316,0.310
20100,-0.00801,-0.10486,0.00317,0.310
20200,-0.00728,-0.10526,0.00319,0.310
20300,-0.00540,-0.10480,0.00351,0.310
20400,-0.00487,-0.10535,0.00381,0.310
20500,-0.00415,-0.10634,0.00413,0.310
20600,-0.00353,-0.10711,0.00458,0.309
20700,-0.00310,-0.10619,0.00455,0.310
20800,-0.00215,-0.10520,0.00497,0.309
20900,-0.00039,-0.10562,0.00510,0.309
21000,-0.00108,-0.10514,0.00480,0.308
21100,-0.00027,-0.10368,0.00405,0.308
21200,-0.00111,-0.10416,0.00381,0.308
21300,0.00163,-0.10545,0.00360,0.308
21400,0.00136,-0.10676,0.00306,0.308
21500,-0.00007,-0.10863,0.00268,0.307
21600,0.00082,-0.10970,0.00237,0.307
21700,-0.00012,-0.11050,0.00194,0.306
21800,-0.00122,-0.11027,0.00145,0.307
21900,-0.00040,-0.11088,0.00124,0.307
22000,-0.00042,-0.11023,0.00150,0.307
22100,0.00029,-0.11133,0.00176,0.307
22200,0.00079,-0.11225,0.00168,0.307
22300,0.00079,-0.11271,0.00175,0.307
22400,0.00073,-0.11435,0.00121,0.306
22500,0.00005,-0.11451,0.00107,0.305
22600,-0.00072,-0.11374,0.00126,0.305
22700,-0.00146,-0.11376,0.00127,0.304
22800,-0.00190,-0.11451,0.00120,0.302
22900,-0.00171,-0.11485,0.00129,0.303
23000,-0.00127,-0.11513,0.00119,0.302
23100,-0.00054,-0.11432,0.00152,0.302
23200,-0.00029,-0.11327,0.00119,0.302
23300,0.00018,-0.11343,0.00093,0.302
23400,-0.00018,-0.11325,0.00073,0.302
23500,0.00093,-0.11345,0.00092,0.302
23600,0.00132,-0.11339,0.00054,0.302
23700,0.00181,-0.11378,0.00028,0.301
23800,0.00125,-0.11333,0.00049,0.301
23900,0.00093,-0.11362,0.00061,0.299
24000,0.00059,-0.11314,0.00079,0.299
24100,0.00214,-0.11326,0.00060,0.300
24200,0.00272,-0.11454,0.00035,0.300
24300,0.00275,-0.11472,0.00035,0.299
24400,0.00198,-0.11566,0.00026,0.298
24500,0.00277,-0.11599,-0.00026,0.297
24600,0.00291,-0.11629,-0.00068,0.297
24700,0.00336,-0.11625,-0.00055,0.296
24800,0.00431,-0.11742,-0.00014,0.295
24900,0.00431,-0.11591,0.00033,0.296
25000,0.00413,-0.11653,0.00054,0.295
25100,0.00479,-0.11687,0.00074,0.293
25200,0.00525,-0.11671,0.00067,0.292
25300,0.00666,-0.11708,0.00108,0.292
25400,0.00808,-0.11787,0.00072,0.293
25500,0.00962,-0.11846,0.00082,0.294
25600,0.01044,-0.11873,0.00072,0.295
25700,0.01097,-0.11924,0.00097,0.293
25800,0.01151,-0.11975,0.00109,0.292
25900,0.01185,-0.11983,0.00111,0.291
26000,0.01141,-0.11944,0.00045,0.291
26100,0.01163,-0.11908,0.00064,0.290
26200,0.01116,-0.11954,0.00063,0.289
26300,0.01120,-0.12061,0.00072,0.289
26400,0.01118,-0.12088,0.00074,0.290
26500,0.01123,-0.12137,0.00074,0.289
26600,0.01012,-0.12028,0.00060,0.290
26700,0.01026,-0.12111,0.00084,0.291
26800,0.01080,-0.12209,0.00090,0.290
26900,0.01149,-0.12158,0.00135,0.290
27000,0.01289,-0.12217,0.00129,0.289
27100,0.01355,-0.12281,0.00075,0.289
27200,0.01306,-0.12513,0.00100,0.289
27300,0.01406,-0.12574,0.00119,0.290
27400,0.01440,-0.12639,0.00138,0.290
27500,0.01537,-0.12651,0.00156,0.290
27600,0.01527,-0.12776,0.00168,0.290
27700,0.01639,-0.12856,0.00219,0.290
27800,0.01724,-0.12828,0.00181,0.289
27900,0.01654,-0.12676,0.00202,0.289
28000,0.01753,-0.12520,0.00250,0.289
28100,0.01796,-0.12418,0.00212,0.289
28200,0.01764,-0.12297,0.00178,0.288
28300,0.01758,-0.12227,0.00154,0.289
28400,0.01598,-0.12029,0.00130,0.290
28500,0.01535,-0.11837,0.00140,0.290
28600,0.01421,-0.11776,0.00125,0.289
28700,0.01274,-0.11622,0.00071,0.290
28800,0.01234,-0.11587,-0.00002,0.289
28900,0.01285,-0.11470,-0.00032,0.288
29000,0.01267,-0.11442,-0.00031,0.289
29100,0.01182,-0.11398,-0.00065,0.288
29200,0.01142,-0.11382,-0.00126,0.289
29300,0.01095,-0.11329,-0.00142,0.290
29400,0.01074,-0.11281,-0.00127,0.290
29500,0.01131,-0.11264,-0.00152,0.290
29600,0.01113,-0.11251,-0.00119,0.290
29700,0.01088,-0.11046,-0.00187,0.292
29800,0.01094,-0.11069,-0.00213,0.292
29900,0.01135,-0.11098,-0.00274,0.292
30000,0.01171,-0.11102,-0.00294,0.292
30100,0.01082,-0.10990,-0.00289,0.292
30200,0.01019,-0.10839,-0.00283,0.291
30300,0.00873,-0.10832,-0.00302,0.292
30400,0.00820,-0.10783,-0.00296,0.292
30500,0.00720,-0.10595,-0.00312,0.292
30600,0.00742,-0.10461,-0.00351,0.293
30700,0.00680,-0.10392,-0.00388,0.294
30800,0.00693,-0.10375,-0.00416,0.294
30900,0.00528,-0.10259,-0.00425,0.294
31000,0.00547,-0.10339,-0.00442,0.293
31100,0.00377,-0.10435,-0.00402,0.292
31200,0.00314,-0.10321,-0.00437,0.292
31300,0.00033,-0.10216,-0.00461,0.291
31400,0.00058,-0.09975,-0.00450,0.292
31500,0.00137,-0.09898,-0.00453,0.292
31600,0.00141,-0.09794,-0.00435,0.293
31700,0.00206,-0.09811,-0.00433,0.294
31800,0.00352,-0.09763,-0.00430,0.294
31900,0.00366,-0.09756,-0.00440,0.294
32000,0.00392,-0.09716,-0.00446,0.293
32100,0.00381,-0.09675,-0.00451,0.294
32200,0.00256,-0.09556,-0.00463,0.293
32300,0.00210,-0.09476,-0.00476,0.293
32400,0.00022,-0.09314,-0.00415,0.294
32500,0.00087,-0.09294,-0.00404,0.294
32600,-0.00017,-0.09196,-0.00397,0.295
32700,-0.00000,-0.09096,-0.00405,0.297
32800,0.00004,-0.09083,-0.00383,0.298
32900,0.00013,-0.09085,-0.00357,0.298
33000,0.00098,-0.09026,-0.00325,0.299
33100,0.00097,-0.09099,-0.00319,0.300
33200,0.00189,-0.09152,-0.00294,0.301
33300,0.00039,-0.09070,-0.00286,0.300
33400,0.00099,-0.09148,-0.00258,0.301
33500,-0.00033,-0.09120,-0.00285,0.302
33600,-0.00170,-0.09183,-0.00273,0.303
33700,-0.00225,-0.09209,-0.00269,0.304
33800,-0.00223,-0.09238,-0.00325,0.304
33900,-0.00260,-0.09247,-0.00323,0.305
34000,-0.00302,-0.09285,-0.00323,0.305
34100,-0.00468,-0.09231,-0.00328,0.305
34200,-0.00560,-0.09224,-0.00313,0.305
34300,-0.00545,-0.09232,-0.00324,0.305
34400,-0.00606,-0.09268,-0.00317,0.306
34500,-0.00592,-0.09247,-0.00280,0.307
34600,-0.00589,-0.09255,-0.00277,0.307
34700,-0.00639,-0.09334,-0.00291,0.307
34800,-0.00739,-0.09246,-0.00335,0.307
34900,-0.00651,-0.09480,-0.00303,0.306
35000,-0.00688,-0.09431,-0.00326,0.307
35100,-0.00702,-0.09455,-0.00340,0.308
35200,-0.00719,-0.09529,-0.00292,0.309
35300,-0.00761,-0.09667,-0.00274,0.309
35400,-0.00839,-0.09662,-0.00214,0.309
35500,-0.00982,-0.09605,-0.00222,0.308
35600,-0.01048,-0.09643,-0.00216,0.307
35700,-0.01063,-0.09683,-0.00207,0.308
35800,-0.01116,-0.09703,-0.00201,0.309
35900,-0.01112,-0.09638,-0.00164,0.308
36000,-0.01144,-0.09570,-0.00157,0.308
36100,-0.01154,-0.09642,-0.00219,0.308
36200,-0.01239,-0.09631,-0.00200,0.309
36300,-0.01319,-0.09643,-0.00195,0.310
36400,-0.01226,-0.09672,-0.00235,0.310
36500,-0.01086,-0.09738,-0.00284,0.311
36600,-0.00914,-0.09810,-0.00279,0.311
36700,-0.00949,-0.09809,-0.00311,0.311
36800,-0.01023,-0.09753,-0.00287,0.311
36900,-0.00987,-0.09849,-0.00289,0.310
37000,-0.01040,-0.09875,-0.00312,0.311
37100,-0.01090,-0.09874,-0.00293,0.310
37200,-0.01010,-0.09912,-0.00256,0.310
37300,-0.01049,-0.09910,-0.00232,0.309
37400,-0.01096,-0.09969,-0.00245,0.309
37500,-0.01048,-0.10014,-0.00257,0.308
37600,-0.00961,-0.10085,-0.00255,0.308
37700,-0.00895,-0.09989,-0.00291,0.307
37800,-0.00872,-0.10146,-0.00267,0.307
37900,-0.00810,-0.10252,-0.00284,0.306
38000,-0.00818,-0.10290,-0.00356,0.306
38100,-0.00785,-0.10274,-0.00344,0.307
38200,-0.00810,-0.10368,-0.00349,0.306
38300,-0.00843,-0.10434,-0.00315,0.306
38400,-0.00812,-0.10588,-0.00297,0.305
38500,-0.00871,-0.10701,-0.00324,0.305
38600,-0.00876,-0.10729,-0.00363,0.305
38700,-0.00911,-0.10823,-0.00418,0.305
38800,-0.00933,-0.10747,-0.00371,0.305
38900,-0.00931,-0.10790,-0.00403,0.305
39000,-0.00782,-0.10756,-0.00413,0.305
39100,-0.00691,-0.10770,-0.00392,0.306
39200,-0.00614,-0.10831,-0.00326,0.305
39300,-0.00640,-0.10834,-0.00297,0.305
39400,-0.00591,-0.10892,-0.00330,0.305
39500,-0.00655,-0.10838,-0.00270,0.306
39600,-0.00728,-0.10915,-0.00312,0.305
39700,-0.00629,-0.11067,-0.00258,0.304
39800,-0.00582,-0.11031,-0.00236,0.305
39900,-0.00576,-0.11060,-0.00210,0.305
40000,-0.00558,-0.11112,-0.00230,0.305
40100,-0.00654,-0.11218,-0.00216,0.305
40200,-0.00612,-0.11298,-0.00207,0.306
40300,-0.00481,-0.11409,-0.00210,0.304
40400,-0.00292,-0.11504,-0.00202,0.304
40500,-0.00224,-0.11662,-0.00209,0.304
40600,-0.00151,-0.11886,-0.00192,0.303
40700,-0.00073,-0.11946,-0.00149,0.301
40800,-0.00180,-0.11996,-0.00171,0.301
40900,-0.00160,-0.11956,-0.00134,0.301
41000,-0.00138,-0.12010,-0.00100,0.301
41100,-0.00068,-0.11992,-0.00070,0.302
41200,0.00043,-0.12217,-0.00052,0.302
41300,0.00056,-0.12208,-0.00044,0.303
41400,0.00001,-0.12355,-0.00047,0.302
41500,-0.00068,-0.12378,-0.00010,0.303
41600,-0.00132,-0.12414,0.00035,0.302
41700,-0.00247,-0.12308,0.00050,0.302
41800,-0.00282,-0.12259,0.00089,0.302
41900,-0.00288,-0.12242,0.00077,0.302
42000,-0.00256,-0.12315,0.00119,0.303
42100,-0.00237,-0.12251,0.00109,0.303
42200,-0.00085,-0.12254,0.00129,0.304
42300,-0.00019,-0.12287,0.00158,0.304
42400,0.00170,-0.12390,0.00148,0.303
42500,0.00121,-0.12371,0.00128,0.303
42600,0.00200,-0.12474,0.00136,0.303
42700,0.00173,-0.12611,0.00122,0.303
42800,0.00294,-0.12583,0.00085,0.302
42900,0.00392,-0.12583,0.00096,0.302
43000,0.00364,-0.12600,0.00117,0.302
43100,0.00397,-0.12531,0.00172,0.302
43200,0.00275,-0.12520,0.00127,0.303
43300,0.00370,-0.12538,0.00119,0.302
43400,0.00404,-0.12533,0.00093,0.303
43500,0.00473,-0.12508,0.00133,0.302
43600,0.00638,-0.12515,0.00216,0.302
43700,0.00721,-0.12479,0.00256,0.300
43800,0.00889,-0.12582,0.00314,0.300
43900,0.00945,-0.12571,0.00314,0.301
44000,0.01039,-0.12575,0.00259,0.302
44100,0.01136,-0.12632,0.00264,0.302
44200,0.01164,-0.12593,0.00231,0.302
44300,0.01183,-0.12608,0.00210,0.302
44400,0.01254,-0.12636,0.00177,0.301
44500,0.01255,-0.12685,0.00181,0.301
44600,0.01252,-0.12692,0.00200,0.301
44700,0.01242,-0.12635,0.00222,0.301
44800,0.01277,-0.12633,0.00184,0.301
44900,0.01213,-0.12518,0.00180,0.301
45000,0.01351,-0.12555,0.00249,0.302
45100,0.01363,-0.12548,0.00249,0.303
45200,0.01328,-0.12355,0.00216,0.303
45300,0.01372,-0.12347,0.00204,0.303
45400,0.01425,-0.12372,0.00217,0.303
45500,0.01484,-0.12415,0.00256,0.303
45600,0.01487,-0.12466,0.00280,0.303
45700,0.01567,-0.12466,0.00289,0.303
45800,0.01613,-0.12543,0.00334,0.304
45900,0.01627,-0.12482,0.00311,0.304
46000,0.01576,-0.12431,0.00312,0.305
46100,0.01554,-0.12328,0.00311,0.306
46200,0.01583,-0.12350,0.00281,0.307
46300,0.01709,-0.12283,0.00255,0.306
46400,0.01703,-0.12209,0.00312,0.305
46500,0.01673,-0.12148,0.00404,0.304
46600,0.01681,-0.12121,0.00378,0.304
46700,0.01715,-0.12018,0.00403,0.304
46800,0.01824,-0.12074,0.00407,0.304
46900,0.01700,-0.12049,0.00368,0.306
47000,0.01818,-0.12028,0.00404,0.307
47100,0.01823,-0.12017,0.00440,0.308
47200,0.01815,-0.11909,0.00398,0.309
47300,0.01850,-0.11875,0.00411,0.309
47400,0.01829,-0.11816,0.00455,0.309
47500,0.01750,-0.11907,0.00488,0.310
47600,0.01681,-0.11834,0.00462,0.310
47700,0.01607,-0.11851,0.00456,0.310
47800,0.01477,-0.11841,0.00449,0.311
47900,0.01418,-0.11795,0.00421,0.311
48000,0.01367,-0.11834,0.00445,0.311
48100,0.01290,-0.11849,0.00435,0.310
48200,0.01316,-0.11881,0.00463,0.311
48300,0.01274,-0.11884,0.00441,0.311
48400,0.01289,-0.11916,0.00430,0.312
48500,0.01322,-0.11910,0.00471,0.312
48600,0.01352,-0.11915,0.00493,0.312
48700,0.01491,-0.11963,0.00565,0.311
48800,0.01545,-0.12126,0.00566,0.313
48900,0.01422,-0.12162,0.00570,0.313
49000,0.01260,-0.12195,0.00590,0.314
49100,0.01108,-0.12134,0.00591,0.314
49200,0.01110,-0.12066,0.00595,0.313
49300,0.01098,-0.11961,0.00597,0.314
49400,0.01181,-0.11942,0.00627,0.314
49500,0.01120,-0.11915,0.00590,0.314
49600,0.01113,-0.11864,0.00601,0.314
49700,0.00995,-0.11853,0.00587,0.314
49800,0.00916,-0.11869,0.00586,0.313
49900,0.00883,-0.11791,0.00643,0.313
50000,0.00833,-0.11766,0.00684,0.313
50100,0.00889,-0.11727,0.00681,0.313
50200,0.00897,-0.11705,0.00715,0.312
50300,0.00783,-0.11679,0.00748,0.313
50400,0.00592,-0.11629,0.00780,0.313
50500,0.00469,-0.11568,0.00833,0.313
50600,0.00398,-0.11533,0.00856,0.313
50700,0.00346,-0.11549,0.00826,0.313
50800,0.00334,-0.11533,0.00876,0.314
50900,0.00406,-0.11726,0.00878,0.315
51000,0.00432,-0.11648,0.00906,0.315
51100,0.00369,-0.11591,0.00893,0.315
51200,0.00316,-0.11562,0.00922,0.315
51300,0.00409,-0.11668,0.00940,0.315
51400,0.00496,-0.11718,0.00957,0.315
51500,0.00458,-0.11758,0.00918,0.315
51600,0.00441,-0.11749,0.00856,0.315
51700,0.00460,-0.11757,0.00792,0.315
51800,0.00412,-0.11770,0.00787,0.314
51900,0.00379,-0.11755,0.00802,0.314
52000,0.00400,-0.11787,0.00761,0.314
52100,0.00400,-0.11810,0.00754,0.313
52200,0.00322,-0.11800,0.00761,0.314
52300,0.00314,-0.11795,0.00759,0.314
52400,0.00286,-0.11789,0.00774,0.314
52500,0.00344,-0.11899,0.00780,0.315
52600,0.00419,-0.11932,0.00790,0.313
52700,0.00398,-0.11878,0.00833,0.313
52800,0.00318,-0.11858,0.00849,0.312
52900,0.00192,-0.11758,0.00835,0.311
53000,0.00174,-0.11763,0.00798,0.311
53100,0.00090,-0.11705,0.00735,0.310
53200,0.00086,-0.11656,0.00764,0.309
53300,0.00040,-0.11718,0.00759,0.309
53400,0.00009,-0.11692,0.00765,0.308
53500,-0.00068,-0.11763,0.00752,0.307
53600,-0.00208,-0.11686,0.00695,0.305
53700,-0.00160,-0.11728,0.00646,0.307
53800,-0.00111,-0.11719,0.00609,0.307
53900,-0.00077,-0.11723,0.00610,0.306
54000,-0.00034,-0.11659,0.00673,0.305
54100,-0.00081,-0.11658,0.00699,0.304
54200,-0.00031,-0.11711,0.00690,0.305
54300,0.00049,-0.11715,0.00713,0.306
54400,0.00030,-0.11635,0.00701,0.306
54500,0.00010,-0.11637,0.00689,0.307
54600,-0.00008,-0.11548,0.00678,0.306
54700,0.00022,-0.11461,0.00660,0.307
54800,0.00004,-0.11495,0.00742,0.307
54900,0.00011,-0.11434,0.00770,0.309
55000,-0.00109,-0.11386,0.00730,0.308
55100,-0.00151,-0.11327,0.00710,0.307
55200,-0.00143,-0.11438,0.00710,0.306
55300,-0.00283,-0.11353,0.00706,0.306
55400,-0.00450,-0.11179,0.00681,0.306
55500,-0.00568,-0.11011,0.00665,0.306
55600,-0.00634,-0.10934,0.00649,0.306
55700,-0.00761,-0.10820,0.00651,0.307
55800,-0.00799,-0.10728,0.00595,0.305
55900,-0.00881,-0.10777,0.00596,0.305
56000,-0.00941,-0.10841,0.00606,0.305
56100,-0.00935,-0.10905,0.00618,0.305
56200,-0.00934,-0.10775,0.00622,0.305
56300,-0.01058,-0.10730,0.00614,0.304
56400,-0.01057,-0.10735,0.00655,0.304
56500,-0.01129,-0.10743,0.00591,0.303
56600,-0.01311,-0.10750,0.00621,0.302
56700,-0.01376,-0.10899,0.00613,0.302
56800,-0.01557,-0.10845,0.00612,0.303
56900,-0.01506,-0.10778,0.00683,0.302
57000,-0.01585,-0.10769,0.00708,0.302
57100,-0.01665,-0.10673,0.00691,0.302
57200,-0.01792,-0.10730,0.00693,0.301
57300,-0.01763,-0.10708,0.00639,0.300
57400,-0.01728,-0.10671,0.00577,0.300
57500,-0.01851,-0.10603,0.00572,0.298
57600,-0.01818,-0.10568,0.00580,0.298
57700,-0.01705,-0.10629,0.00611,0.298
57800,-0.01621,-0.10562,0.00598,0.297
57900,-0.01538,-0.10455,0.00602,0.298
58000,-0.01560,-0.10488,0.00646,0.298
58100,-0.01639,-0.10586,0.00636,0.298
58200,-0.01671,-0.10474,0.00611,0.297
58300,-0.01566,-0.10435,0.00606,0.298
58400,-0.01603,-0.10379,0.00630,0.297
58500,-0.01637,-0.10422,0.00603,0.297
58600,-0.01765,-0.10363,0.00591,0.296
58700,-0.01810,-0.10327,0.00578,0.297
58800,-0.01898,-0.10258,0.00561,0.295
58900,-0.01836,-0.10074,0.00574,0.295
59000,-0.01809,-0.10041,0.00561,0.294
59100,-0.01673,-0.10010,0.00538,0.294
59200,-0.01712,-0.10009,0.00515,0.294
59300,-0.01772,-0.10205,0.00458,0.293
59400,-0.01922,-0.10205,0.00442,0.292
59500,-0.01917,-0.10300,0.00444,0.292
59600,-0.01907,-0.10362,0.00436,0.291
59700,-0.01887,-0.10376,0.00426,0.291
59800,-0.01913,-0.10398,0.00440,0.291
59900,-0.01752,-0.10527,0.00410,0.291
60000,-0.01733,-0.10571,0.00407,0.291
60100,-0.01692,-0.10562,0.00436,0.291
60200,-0.01720,-0.10532,0.00391,0.292
60300,-0.01580,-0.10584,0.00354,0.291
60400,-0.01609,-0.10541,0.00283,0.291
60500,-0.01606,-0.10593,0.00175,0.291
60600,-0.01600,-0.10472,0.00139,0.290
60700,-0.01568,-0.10412,0.00110,0.290
60800,-0.01561,-0.10301,0.00096,0.289
60900,-0.01591,-0.10089,0.00032,0.288
61000,-0.01668,-0.09953,-0.00042,0.287
61100,-0.01689,-0.09984,-0.00095,0.286
61200,-0.01636,-0.09863,-0.00166,0.286
61300,-0.01621,-0.09744,-0.00175,0.287
61400,-0.01685,-0.09659,-0.00204,0.287
61500,-0.01550,-0.09598,-0.00170,0.286
61600,-0.01368,-0.09639,-0.00115,0.286
61700,-0.01319,-0.09683,-0.00079,0.286
61800,-0.01209,-0.09747,-0.00056,0.286
61900,-0.01257,-0.09746,-0.00072,0.287
62000,-0.01354,-0.09835,-0.00063,0.288
62100,-0.01475,-0.09836,-0.00033,0.287
62200,-0.01547,-0.09885,-0.00024,0.285
62300,-0.01595,-0.09867,-0.00043,0.285
62400,-0.01764,-0.09949,-0.00043,0.285
62500,-0.01857,-0.09811,-0.00054,0.284
62600,-0.01977,-0.09749,-0.00074,0.285
62700,-0.01928,-0.09863,-0.00098,0.286
62800,-0.02007,-0.09962,-0.00059,0.287
62900,-0.01984,-0.09998,-0.00020,0.287
63000,-0.01963,-0.09969,-0.00013,0.287
63100,-0.01973,-0.10025,-0.00034,0.288
63200,-0.01956,-0.10029,-0.00047,0.288
63300,-0.02002,-0.09882,-0.00041,0.288
63400,-0.02058,-0.09836,-0.00038,0.289
63500,-0.01942,-0.09782,-0.00072,0.290
63600,-0.01913,-0.09786,-0.00099,0.291
63700,-0.01999,-0.09780,-0.00098,0.290
63800,-0.02100,-0.09808,-0.00052,0.291
63900,-0.02128,-0.09854,-0.00023,0.291
64000,-0.02221,-0.09881,-0.00008,0.292
64100,-0.02190,-0.09884,-0.00015,0.292
64200,-0.02302,-0.09887,0.00025,0.292
64300,-0.02303,-0.09832,0.00050,0.292
64400,-0.02277,-0.09847,0.00089,0.293
64500,-0.02203,-0.09870,0.00119,0.294
64600,-0.02167,-0.09867,0.00173,0.294
64700,-0.02089,-0.10046,0.00173,0.294
64800,-0.02030,-0.10073,0.00101,0.295
64900,-0.02084,-0.10172,0.00068,0.294
65000,-0.02049,-0.10122,0.00122,0.293
65100,-0.01993,-0.10093,0.00107,0.293
65200,-0.01912,-0.10093,0.00083,0.294
65300,-0.01763,-0.10096,0.00031,0.294
65400,-0.01563,-0.10248,-0.00016,0.294
65500,-0.01444,-0.10388,-0.00044,0.294
65600,-0.01394,-0.10388,-0.00063,0.294
65700,-0.01366,-0.10384,-0.00089,0.293
65800,-0.01309,-0.10462,-0.00088,0.292
65900,-0.01331,-0.10406,-0.00082,0.293
66000,-0.01287,-0.10455,-0.00094,0.293
66100,-0.01351,-0.10330,-0.00094,0.291
66200,-0.01332,-0.10408,-0.00083,0.291
66300,-0.01279,-0.10533,-0.00044,0.291
66400,-0.01244,-0.10626,-0.00090,0.292
66500,-0.01102,-0.10661,-0.00057,0.292
66600,-0.00919,-0.10727,-0.00060,0.292
66700,-0.00818,-0.10774,-0.00065,0.293
66800,-0.00668,-0.10833,-0.00083,0.294
66900,-0.00656,-0.10887,-0.00136,0.294
67000,-0.00654,-0.10848,-0.00182,0.294
67100,-0.00536,-0.11021,-0.00226,0.294
67200,-0.00586,-0.11008,-0.00241,0.294
67300,-0.00599,-0.10952,-0.00176,0.294
67400,-0.00636,-0.10968,-0.00137,0.294
67500,-0.00510,-0.10856,-0.00136,0.293
67600,-0.00485,-0.10866,-0.00130,0.293
67700,-0.00541,-0.10918,-0.00169,0.293
67800,-0.00706,-0.10926,-0.00162,0.293
67900,-0.00806,-0.11012,-0.00150,0.294
68000,-0.01014,-0.10899,-0.00153,0.295
68100,-0.00880,-0.10869,-0.00131,0.295
68200,-0.00973,-0.10845,-0.00115,0.296
68300,-0.01005,-0.10864,-0.00131,0.294
68400,-0.01036,-0.10789,-0.00135,0.295
68500,-0.00889,-0.10808,-0.00103,0.295
68600,-0.00795,-0.10811,-0.00072,0.297
68700,-0.00740,-0.10833,-0.00044,0.297
68800,-0.00624,-0.10786,-0.00007,0.298
68900,-0.00590,-0.10941,0.00027,0.299
69000,-0.00639,-0.11043,0.00021,0.300
69100,-0.00678,-0.11132,0.00045,0.299
69200,-0.00621,-0.11145,0.00100,0.298
69300,-0.00460,-0.11164,0.00183,0.298
69400,-0.00469,-0.11184,0.00158,0.300
69500,-0.00420,-0.11148,0.00168,0.300
69600,-0.00394,-0.11180,0.00192,0.300
69700,-0.00363,-0.11220,0.00219,0.301
69800,-0.00335,-0.11228,0.00211,0.302
69900,-0.00363,-0.11126,0.00211,0.303
70000,-0.00449,-0.11014,0.00217,0.302
70100,-0.00371,-0.11039,0.00181,0.303
70200,-0.00352,-0.11008,0.00165,0.303
70300,-0.00484,-0.10962,0.00121,0.304
70400,-0.00481,-0.11020,0.00152,0.305
70500,-0.00319,-0.10989,0.00237,0.305
70600,-0.00301,-0.11073,0.00248,0.307
70700,-0.00311,-0.11113,0.00299,0.307
70800,-0.00320,-0.11127,0.00295,0.307
70900,-0.00357,-0.11156,0.00334,0.308
71000,-0.00278,-0.11370,0.00347,0.309
71100,-0.00227,-0.11476,0.00391,0.310
71200,-0.00170,-0.11585,0.00414,0.310
71300,-0.00256,-0.11617,0.00396,0.310
71400,-0.00219,-0.11676,0.00353,0.310
71500,-0.00261,-0.11723,0.00328,0.312
71600,-0.00375,-0.11755,0.00311,0.311
71700,-0.00397,-0.11748,0.00348,0.310
71800,-0.00349,-0.11786,0.00331,0.311
71900,-0.00217,-0.11934,0.00372,0.310
72000,-0.00160,-0.11868,0.00360,0.309
72100,-0.00105,-0.11931,0.00347,0.310
72200,0.00010,-0.11981,0.00350,0.310
72300,0.00307,-0.12156,0.00364,0.312
72400,0.00484,-0.12222,0.00341,0.312
72500,0.00599,-0.12236,0.00333,0.312
72600,0.00655,-0.12080,0.00348,0.313
72700,0.00677,-0.12051,0.00357,0.312
72800,0.00852,-0.12028,0.00354,0.312
72900,0.00966,-0.12045,0.00364,0.312
73000,0.00910,-0.12059,0.00381,0.312
73100,0.00954,-0.12088,0.00414,0.312
73200,0.00969,-0.12146,0.00405,0.314
73300,0.01093,-0.12298,0.00383,0.314
73400,0.01175,-0.12357,0.00404,0.313
73500,0.01163,-0.12376,0.00421,0.315
73600,0.01245,-0.12533,0.00453,0.315
73700,0.01262,-0.12459,0.00453,0.316
73800,0.01311,-0.12490,0.00442,0.316
73900,0.01331,-0.12412,0.00406,0.315
74000,0.01410,-0.12399,0.00396,0.314
74100,0.01485,-0.12409,0.00388,0.313
74200,0.01588,-0.12458,0.00380,0.313
74300,0.01556,-0.12614,0.00341,0.313
74400,0.01670,-0.12684,0.00343,0.312
74500,0.01658,-0.12717,0.00310,0.312
74600,0.01631,-0.12789,0.00296,0.311
74700,0.01548,-0.12719,0.00278,0.310
74800,0.01604,-0.12744,0.00325,0.308
74900,0.01613,-0.12735,0.00296,0.308
75000,0.01600,-0.12786,0.00252,0.307
75100,0.01573,-0.12769,0.00267,0.309
75200,0.01492,-0.12634,0.00321,0.309
75300,0.01471,-0.12715,0.00380,0.309
75400,0.01516,-0.12770,0.00425,0.308
75500,0.01454,-0.12793,0.00431,0.309
75600,0.01444,-0.12779,0.00441,0.310
75700,0.01429,-0.12833,0.00445,0.310
75800,0.01360,-0.12760,0.00440,0.311
75900,0.01321,-0.12800,0.00414,0.311
76000,0.01342,-0.12783,0.00398,0.311
76100,0.01397,-0.12915,0.00386,0.312
76200,0.01486,-0.12987,0.00352,0.314
76300,0.01620,-0.13022,0.00341,0.315
76400,0.01521,-0.12893,0.00354,0.314
76500,0.01412,-0.12874,0.00384,0.313
76600,0.01374,-0.12820,0.00375,0.313
76700,0.01397,-0.12741,0.00334,0.313
76800,0.01397,-0.12730,0.00347,0.313
76900,0.01412,-0.12725,0.00368,0.312
77000,0.01377,-0.12749,0.00376,0.310
77100,0.01306,-0.12658,0.00417,0.311
77200,0.01421,-0.12613,0.00456,0.311
77300,0.01344,-0.12666,0.00403,0.311
77400,0.01346,-0.12623,0.00369,0.310
77500,0.01315,-0.12666,0.00352,0.311
77600,0.01155,-0.12599,0.00336,0.312
77700,0.01131,-0.12525,0.00331,0.312
77800,0.01149,-0.12467,0.00346,0.313
77900,0.01053,-0.12451,0.00304,0.313
78000,0.01267,-0.12545,0.00279,0.311
78100,0.01198,-0.12529,0.00265,0.311
78200,0.01245,-0.12650,0.00242,0.310
78300,0.01158,-0.12592,0.00221,0.311
78400,0.01089,-0.12621,0.00176,0.312
78500,0.01016,-0.12622,0.00155,0.312
78600,0.01020,-0.12638,0.00153,0.310
78700,0.00979,-0.12603,0.00162,0.310
78800,0.00968,-0.12652,0.00131,0.309
78900,0.00987,-0.12645,0.00075,0.308
79000,0.00938,-0.12513,0.00066,0.307
79100,0.00878,-0.12418,0.00074,0.307
79200,0.00798,-0.12399,0.00045,0.308
79300,0.00664,-0.12352,0.00013,0.308
79400,0.00681,-0.12298,0.00034,0.308
79500,0.00610,-0.12209,0.00014,0.308
79600,0.00728,-0.12062,0.00003,0.308
79700,0.00724,-0.12042,-0.00042,0.309
79800,0.00673,-0.11941,-0.00072,0.309
79900,0.00631,-0.12026,-0.00077,0.308
80000,0.00743,-0.12044,-0.00084,0.309
80100,0.00705,-0.12072,-0.00076,0.309
80200,0.00687,-0.12153,-0.00073,0.309
80300,0.00597,-0.12114,-0.00033,0.309
80400,0.00608,-0.12080,-0.00027,0.310
80500,0.00549,-0.12046,-0.00049,0.309
80600,0.00548,-0.12015,-0.00045,0.310
80700,0.00607,-0.12064,-0.00069,0.310
80800,0.00692,-0.12145,-0.00052,0.311
80900,0.00722,-0.12134,-0.00083,0.310
81000,0.00643,-0.12073,-0.00068,0.309
81100,0.00688,-0.12046,-0.00077,0.309
81200,0.00688,-0.12033,-0.00070,0.309
81300,0.00783,-0.11995,-0.00065,0.308
81400,0.00706,-0.11920,-0.00035,0.307
81500,0.00679,-0.11898,-0.00030,0.307
81600,0.00666,-0.11805,-0.00041,0.308
81700,0.00694,-0.11759,-0.00052,0.309
81800,0.00633,-0.11611,-0.00014,0.309
81900,0.00649,-0.11512,-0.00024,0.309
82000,0.00675,-0.11430,-0.00051,0.310
82100,0.00687,-0.11377,-0.00053,0.309
82200,0.00631,-0.11242,-0.00085,0.310
82300,0.00273,-0.11046,-0.00129,0.309
82400,0.00129,-0.10922,-0.00145,0.308
82500,-0.00062,-0.10849,-0.00150,0.308
82600,-0.00077,-0.11043,-0.00172,0.308
82700,-0.00153,-0.11058,-0.00140,0.309
82800,-0.00419,-0.10950,-0.00168,0.308
82900,-0.00545,-0.10989,-0.00182,0.309
83000,-0.00526,-0.10966,-0.00219,0.309
83100,-0.00628,-0.10969,-0.00236,0.309
83200,-0.00611,-0.10870,-0.00218,0.307
83300,-0.00675,-0.10766,-0.00209,0.306
83400,-0.00813,-0.10693,-0.00216,0.308
83500,-0.00877,-0.10695,-0.00200,0.307
83600,-0.00955,-0.10566,-0.00179,0.306
83700,-0.01043,-0.10577,-0.00155,0.306
83800,-0.01059,-0.10423,-0.00165,0.306
83900,-0.01060,-0.10385,-0.00137,0.307
84000,-0.01131,-0.10367,-0.00173,0.308
84100,-0.01182,-0.10244,-0.00174,0.308
84200,-0.01177,-0.10206,-0.00197,0.309
84300,-0.01246,-0.10055,-0.00186,0.308
84400,-0.01341,-0.10055,-0.00216,0.309
84500,-0.01385,-0.09993,-0.00192,0.310
84600,-0.01471,-0.09994,-0.00226,0.310
84700,-0.01554,-0.09981,-0.00261,0.311
84800,-0.01656,-0.09957,-0.00294,0.311
84900,-0.01642,-0.09877,-0.00277,0.311
85000,-0.01686,-0.09812,-0.00333,0.313
85100,-0.01640,-0.09865,-0.00351,0.311
85200,-0.01620,-0.09922,-0.00374,0.311
85300,-0.01641,-0.09684,-0.00346,0.312
85400,-0.01728,-0.09624,-0.00330,0.313
85500,-0.01670,-0.09633,-0.00337,0.312
85600,-0.01652,-0.09657,-0.00361,0.311
85700,-0.01529,-0.09680,-0.00370,0.312
85800,-0.01499,-0.09687,-0.00366,0.312
85900,-0.01461,-0.09628,-0.00341,0.312
86000,-0.01451,-0.09540,-0.00333,0.312
86100,-0.01529,-0.09413,-0.00306,0.311
86200,-0.01537,-0.09351,-0.00298,0.310
86300,-0.01640,-0.09341,-0.00292,0.309
86400,-0.01563,-0.09355,-0.00286,0.309
86500,-0.01501,-0.09397,-0.00304,0.309
86600,-0.01505,-0.09357,-0.00309,0.310
86700,-0.01550,-0.09402,-0.00256,0.310
86800,-0.01508,-0.09399,-0.00241,0.310
86900,-0.01497,-0.09500,-0.00250,0.310
87000,-0.01372,-0.09609,-0.00250,0.312
87100,-0.01320,-0.09596,-0.00239,0.311
87200,-0.01315,-0.09666,-0.00243,0.310
87300,-0.01307,-0.09659,-0.00252,0.311
87400,-0.01247,-0.09756,-0.00250,0.311
87500,-0.01242,-0.09834,-0.00249,0.310
87600,-0.01102,-0.09919,-0.00226,0.309
87700,-0.01049,-0.09931,-0.00206,0.309
87800,-0.00888,-0.10059,-0.00219,0.308
87900,-0.00699,-0.10095,-0.00186,0.307
88000,-0.00616,-0.10220,-0.00208,0.308
88100,-0.00572,-0.10246,-0.00235,0.308
88200,-0.00450,-0.10333,-0.00253,0.309
88300,-0.00445,-0.10363,-0.00209,0.309
88400,-0.00264,-0.10359,-0.00157,0.309
88500,-0.00253,-0.10274,-0.00173,0.309
88600,-0.00226,-0.10263,-0.00202,0.310
88700,-0.00167,-0.10230,-0.00247,0.310
88800,-0.00172,-0.10283,-0.00285,0.311
88900,-0.00281,-0.10264,-0.00285,0.311
89000,-0.00081,-0.10288,-0.00260,0.311
89100,0.00010,-0.10408,-0.00303,0.311
89200,-0.00028,-0.10455,-0.00339,0.310
89300,0.00012,-0.10518,-0.00352,0.310
89400,0.00122,-0.10592,-0.00382,0.311
89500,0.00229,-0.10735,-0.00389,0.311
89600,0.00102,-0.10804,-0.00425,0.310
89700,0.00033,-0.10849,-0.00404,0.310
89800,0.00110,-0.10986,-0.00393,0.309
89900,0.00132,-0.10931,-0.00438,0.309
90000,0.00112,-0.10978,-0.00437,0.309
90100,0.00074,-0.10969,-0.00448,0.308
90200,0.00069,-0.10951,-0.00483,0.308
90300,0.00142,-0.10976,-0.00512,0.307
90400,0.00183,-0.10941,-0.00556,0.306
90500,0.00150,-0.10969,-0.00598,0.305
90600,0.00196,-0.10954,-0.00600,0.304
90700,0.00131,-0.10914,-0.00615,0.303
90800,0.00083,-0.10920,-0.00650,0.302
90900,0.00127,-0.11019,-0.00620,0.303
91000,0.00239,-0.10886,-0.00626,0.303
91100,0.00222,-0.10856,-0.00646,0.302
91200,0.00145,-0.10803,-0.00648,0.302
91300,0.00062,-0.10813,-0.00676,0.301
91400,0.00192,-0.10977,-0.00631,0.302
91500,0.00181,-0.11016,-0.00626,0.301
91600,0.00252,-0.11148,-0.00647,0.300
91700,0.00198,-0.11085,-0.00641,0.300
91800,0.00121,-0.11151,-0.00653,0.299
91900,0.00043,-0.11135,-0.00657,0.299
92000,0.00132,-0.11257,-0.00605,0.300
92100,0.00226,-0.11309,-0.00628,0.300
92200,0.00239,-0.11409,-0.00620,0.300
92300,0.00385,-0.11492,-0.00585,0.300
92400,0.00510,-0.11582,-0.00547,0.300
92500,0.00615,-0.11744,-0.00518,0.299
92600,0.00575,-0.11741,-0.00518,0.299
92700,0.00590,-0.11673,-0.00552,0.299
92800,0.00850,-0.11752,-0.00532,0.299
92900,0.00926,-0.11754,-0.00558,0.297
93000,0.00945,-0.11831,-0.00530,0.296
93100,0.01128,-0.11800,-0.00514,0.296
93200,0.01157,-0.11850,-0.00537,0.297
93300,0.01406,-0.11865,-0.00525,0.298
93400,0.01602,-0.11895,-0.00531,0.298
93500,0.01610,-0.11956,-0.00532,0.298
93600,0.01667,-0.12006,-0.00546,0.298
93700,0.01880,-0.12098,-0.00565,0.298
93800,0.01843,-0.12138,-0.00528,0.298
93900,0.01832,-0.12224,-0.00544,0.297
94000,0.01899,-0.12334,-0.00540,0.297
94100,0.01808,-0.12456,-0.00533,0.297
94200,0.01891,-0.12528,-0.00523,0.297
94300,0.01947,-0.12581,-0.00565,0.297
94400,0.02070,-0.12579,-0.00534,0.296
94500,0.02154,-0.12617,-0.00572,0.295
94600,0.02229,-0.12446,-0.00546,0.296
94700,0.02294,-0.12338,-0.00516,0.296
94800,0.02428,-0.12176,-0.00494,0.297
94900,0.02467,-0.12278,-0.00533,0.297
95000,0.02709,-0.12339,-0.00427,0.297
95100,0.02633,-0.12363,-0.00436,0.297
95200,0.02781,-0.12435,-0.00442,0.297
95300,0.02819,-0.12610,-0.00498,0.297
95400,0.02862,-0.12620,-0.00552,0.296
95500,0.02835,-0.12570,-0.00517,0.296
95600,0.02945,-0.12519,-0.00477,0.295
95700,0.02908,-0.12525,-0.00434,0.295
95800,0.02896,-0.12531,-0.00455,0.296
95900,0.02847,-0.12573,-0.00455,0.296
96000,0.02918,-0.12770,-0.00479,0.296
96100,0.02972,-0.12814,-0.00503,0.297
96200,0.02934,-0.12784,-0.00499,0.297
96300,0.02980,-0.12773,-0.00509,0.297
96400,0.03052,-0.12852,-0.00552,0.296
96500,0.03001,-0.12821,-0.00591,0.296
96600,0.02989,-0.12904,-0.00619,0.296
96700,0.02965,-0.12832,-0.00639,0.295
96800,0.02831,-0.12694,-0.00670,0.294
96900,0.02845,-0.12524,-0.00691,0.294
97000,0.02783,-0.12475,-0.00700,0.294
97100,0.02791,-0.12462,-0.00731,0.293
97200,0.02806,-0.12398,-0.00752,0.294
97300,0.02824,-0.12426,-0.00732,0.294
97400,0.02774,-0.12398,-0.00729,0.295
97500,0.02791,-0.12377,-0.00750,0.295
97600,0.02865,-0.12370,-0.00798,0.296
97700,0.02937,-0.12413,-0.00844,0.295
97800,0.02986,-0.12376,-0.00866,0.297
97900,0.03048,-0.12417,-0.00915,0.298
98000,0.03103,-0.12347,-0.00912,0.297
98100,0.03163,-0.12310,-0.00851,0.298
98200,0.03149,-0.12242,-0.00840,0.296
98300,0.03307,-0.12296,-0.00825,0.297
98400,0.03338,-0.12337,-0.00856,0.297
98500,0.03429,-0.12405,-0.00868,0.297
98600,0.03602,-0.12441,-0.00859,0.297
98700,0.03559,-0.12527,-0.00866,0.297
98800,0.03546,-0.12342,-0.00832,0.296
98900,0.03678,-0.12330,-0.00794,0.296
99000,0.03550,-0.12368,-0.00780,0.296
99100,0.03581,-0.12342,-0.00732,0.297
99200,0.03606,-0.12310,-0.00715,0.297
99300,0.03722,-0.12295,-0.00668,0.298
99400,0.03619,-0.12269,-0.00665,0.297
99500,0.03667,-0.12165,-0.00650,0.297
99600,0.03705,-0.12194,-0.00624,0.298
99700,0.03773,-0.12097,-0.00637,0.298
99800,0.03704,-0.12013,-0.00648,0.299
99900,0.03595,-0.12012,-0.00619,0.298
100000,0.03538,-0.11959,-0.00630,0.298
100100,0.03463,-0.11876,-0.00608,0.298
100200,0.03454,-0.11854,-0.00565,0.299
100300,0.03478,-0.11827,-0.00567,0.299
100400,0.03456,-0.11888,-0.00548,0.298
100500,0.03266,-0.11845,-0.00530,0.299
100600,0.03183,-0.11888,-0.00568,0.300
100700,0.03119,-0.11860,-0.00569,0.300
100800,0.03031,-0.11721,-0.00567,0.300
100900,0.02972,-0.11599,-0.00601,0.301
101000,0.02850,-0.11713,-0.00593,0.301
101100,0.02811,-0.11736,-0.00610,0.301
101200,0.02813,-0.11684,-0.00593,0.302
101300,0.02743,-0.11657,-0.00590,0.302
101400,0.02693,-0.11548,-0.00618,0.301
101500,0.02673,-0.11457,-0.00600,0.301
101600,0.02610,-0.11326,-0.00560,0.302
101700,0.02663,-0.11461,-0.00595,0.300
101800,0.02746,-0.11438,-0.00629,0.300
101900,0.02752,-0.11420,-0.00657,0.301
102000,0.02644,-0.11286,-0.00660,0.301
102100,0.02507,-0.11178,-0.00613,0.301
102200,0.02513,-0.11135,-0.00639,0.302
102300,0.02441,-0.11144,-0.00637,0.303
102400,0.02334,-0.11095,-0.00656,0.303
102500,0.02386,-0.11086,-0.00631,0.303
102600,0.02508,-0.11108,-0.00606,0.304
102700,0.02572,-0.11126,-0.00569,0.304
102800,0.02519,-0.11094,-0.00610,0.304
102900,0.02437,-0.11068,-0.00616,0.305
103000,0.02410,-0.11004,-0.00592,0.306
103100,0.02342,-0.10961,-0.00627,0.306
103200,0.02264,-0.10935,-0.00630,0.306
103300,0.02005,-0.10892,-0.00614,0.305
103400,0.02027,-0.11001,-0.00584,0.305
103500,0.01989,-0.10898,-0.00596,0.305
103600,0.01871,-0.10799,-0.00588,0.305
103700,0.01629,-0.10737,-0.00560,0.306
103800,0.01588,-0.10774,-0.00642,0.306
103900,0.01521,-0.10733,-0.00655,0.306
104000,0.01515,-0.10686,-0.00627,0.305
104100,0.01550,-0.10685,-0.00641,0.305
104200,0.01339,-0.10597,-0.00650,0.305
104300,0.01332,-0.10665,-0.00597,0.305
104400,0.01243,-0.10681,-0.00620,0.306
104500,0.01164,-0.10590,-0.00615,0.306
104600,0.01138,-0.10685,-0.00607,0.306
104700,0.01085,-0.10814,-0.00582,0.305
104800,0.00942,-0.10964,-0.00586,0.304
104900,0.00897,-0.10973,-0.00557,0.304
105000,0.00768,-0.11054,-0.00571,0.303
105100,0.00832,-0.11079,-0.00560,0.303
105200,0.00702,-0.11072,-0.00587,0.303
105300,0.00560,-0.11081,-0.00572,0.302
105400,0.00523,-0.11059,-0.00542,0.302
105500,0.00448,-0.11069,-0.00571,0.302
105600,0.00283,-0.11159,-0.00586,0.302
105700,0.00188,-0.11049,-0.00624,0.302
105800,0.00174,-0.11048,-0.00616,0.302
105900,0.00277,-0.11114,-0.00617,0.301
106000,0.00275,-0.10965,-0.00605,0.300
106100,0.00294,-0.10997,-0.00615,0.300
106200,0.00324,-0.11036,-0.00611,0.299
106300,0.00355,-0.11011,-0.00644,0.299
106400,0.00293,-0.11025,-0.00634,0.298
106500,0.00259,-0.10985,-0.00608,0.298
106600,0.00198,-0.10944,-0.00593,0.298
106700,0.00177,-0.10982,-0.00616,0.298
106800,0.00319,-0.11144,-0.00625,0.298
106900,0.00297,-0.11243,-0.00643,0.297
107000,0.00372,-0.11280,-0.00665,0.298
107100,0.00281,-0.11338,-0.00696,0.297
107200,0.00254,-0.11427,-0.00686,0.297
107300,0.00347,-0.11515,-0.00693,0.296
107400,0.00475,-0.11560,-0.00716,0.295
107500,0.00516,-0.11553,-0.00728,0.296
107600,0.00458,-0.11545,-0.00701,0.296
107700,0.00492,-0.11539,-0.00668,0.297
107800,0.00396,-0.11549,-0.00649,0.295
107900,0.00266,-0.11533,-0.00608,0.295
108000,0.00148,-0.11411,-0.00571,0.295
108100,0.00046,-0.11441,-0.00616,0.296
108200,-0.00064,-0.11456,-0.00588,0.296
108300,-0.00079,-0.11451,-0.00625,0.296
108400,-0.00108,-0.11505,-0.00626,0.295
108500,-0.00098,-0.11473,-0.00586,0.295
108600,-0.00228,-0.11466,-0.00591,0.294
108700,-0.00267,-0.11395,-0.00566,0.294
108800,-0.00218,-0.11533,-0.00597,0.294
108900,-0.00305,-0.11519,-0.00634,0.294
109000,-0.00213,-0.11601,-0.00665,0.294
109100,-0.00318,-0.11609,-0.00693,0.294
109200,-0.00207,-0.11610,-0.00692,0.294
109300,-0.00329,-0.11583,-0.00717,0.293
109400,-0.00285,-0.11568,-0.00671,0.294
109500,-0.00408,-0.11551,-0.00657,0.293
109600,-0.00457,-0.11522,-0.00621,0.293
109700,-0.00447,-0.11518,-0.00581,0.293
109800,-0.00427,-0.11402,-0.00540,0.292
109900,-0.00309,-0.11460,-0.00561,0.292
110000,-0.00131,-0.11539,-0.00576,0.292
110100,-0.00030,-0.11535,-0.00597,0.292
110200,-0.00070,-0.11543,-0.00602,0.291
110300,0.00070,-0.11554,-0.00603,0.291
110400,0.00090,-0.11561,-0.00576,0.291
110500,0.00261,-0.11605,-0.00560,0.290
110600,0.00265,-0.11626,-0.00544,0.290
110700,0.00344,-0.11666,-0.00526,0.291
110800,0.00477,-0.11766,-0.00522,0.291
110900,0.00410,-0.11795,-0.00505,0.291
111000,0.00404,-0.11695,-0.00542,0.291
111100,0.00340,-0.11688,-0.00522,0.292
111200,0.00285,-0.11701,-0.00543,0.292
111300,0.00362,-0.11700,-0.00520,0.293
111400,0.00343,-0.11701,-0.00556,0.293
111500,0.00410,-0.11682,-0.00604,0.294
111600,0.00362,-0.11807,-0.00597,0.294
111700,0.00280,-0.11747,-0.00589,0.295
111800,0.00203,-0.11689,-0.00584,0.295
111900,0.00164,-0.11605,-0.00548,0.295
112000,0.00139,-0.11654,-0.00580,0.294
112100,0.00176,-0.11660,-0.00593,0.294
112200,0.00114,-0.11695,-0.00566,0.293
112300,0.00080,-0.11608,-0.00552,0.293
112400,0.00170,-0.11544,-0.00548,0.293
112500,0.00107,-0.11417,-0.00584,0.293
112600,-0.00003,-0.11355,-0.00587,0.292
112700,0.00015,-0.11327,-0.00650,0.291
112800,-0.00077,-0.11350,-0.00622,0.290
112900,-0.00070,-0.11334,-0.00630,0.291
113000,-0.00145,-0.11363,-0.00692,0.290
113100,-0.00163,-0.11391,-0.00644,0.290
113200,-0.00213,-0.11405,-0.00633,0.289
113300,-0.00222,-0.11550,-0.00649,0.289
113400,-0.00266,-0.11421,-0.00668,0.287
113500,-0.00186,-0.11429,-0.00666,0.287
113600,-0.00168,-0.11447,-0.00689,0.288
113700,-0.00064,-0.11406,-0.00720,0.287
113800,-0.00032,-0.11390,-0.00675,0.287
113900,0.00026,-0.11368,-0.00668,0.288
114000,-0.00048,-0.11287,-0.00726,0.289
114100,-0.00012,-0.11208,-0.00708,0.290
114200,0.00061,-0.11195,-0.00692,0.290
114300,-0.00001,-0.11007,-0.00721,0.290
114400,-0.00093,-0.10775,-0.00714,0.291
114500,-0.00144,-0.10844,-0.00692,0.290
114600,-0.00033,-0.10817,-0.00673,0.290
114700,0.00080,-0.10772,-0.00706,0.290
114800,0.00213,-0.10643,-0.00718,0.290
114900,0.00221,-0.10596,-0.00717,0.291
115000,0.00122,-0.10497,-0.00740,0.292
115100,0.00033,-0.10350,-0.00725,0.293
115200,0.00074,-0.10348,-0.00691,0.292
115300,0.00210,-0.10306,-0.00670,0.293
115400,0.00204,-0.10354,-0.00667,0.293
115500,0.00180,-0.10336,-0.00669,0.293
115600,0.00215,-0.10316,-0.00693,0.293
115700,0.00213,-0.10476,-0.00715,0.293
115800,0.00292,-0.10440,-0.00677,0.294
115900,0.00234,-0.10409,-0.00661,0.294
116000,0.00236,-0.10336,-0.00645,0.294
116100,0.00247,-0.10415,-0.00629,0.295
116200,0.00204,-0.10353,-0.00590,0.295
116300,0.00047,-0.10387,-0.00554,0.295
116400,0.00003,-0.10373,-0.00504,0.297
116500,0.00011,-0.10277,-0.00497,0.297
116600,0.00024,-0.10173,-0.00461,0.298
116700,0.00125,-0.10186,-0.00462,0.298
116800,0.00049,-0.10144,-0.00483,0.298
116900,0.00032,-0.10024,-0.00452,0.299
117000,-0.00016,-0.09973,-0.00433,0.300
117100,0.00086,-0.09994,-0.00387,0.301
117200,0.00080,-0.09911,-0.00405,0.303
117300,-0.00103,-0.09812,-0.00413,0.303
117400,-0.00204,-0.09753,-0.00404,0.303
117500,-0.00244,-0.09735,-0.00422,0.303
117600,-0.00257,-0.09735,-0.00428,0.303
117700,-0.00362,-0.09736,-0.00413,0.303
117800,-0.00409,-0.09629,-0.00391,0.303
117900,-0.00495,-0.09559,-0.00367,0.303
118000,-0.00450,-0.09443,-0.00370,0.303
118100,-0.00371,-0.09405,-0.00303,0.303
118200,-0.00232,-0.09355,-0.00308,0.303
118300,-0.00211,-0.09319,-0.00317,0.302
118400,-0.00315,-0.09266,-0.00331,0.302
118500,-0.00351,-0.09249,-0.00369,0.302
118600,-0.00367,-0.09328,-0.00404,0.303
118700,-0.00379,-0.09297,-0.00419,0.304
118800,-0.00372,-0.09318,-0.00417,0.304
118900,-0.00252,-0.09368,-0.00432,0.304
119000,-0.00311,-0.09298,-0.00425,0.304
119100,-0.00237,-0.09301,-0.00453,0.304
119200,-0.00251,-0.09317,-0.00477,0.305
119300,-0.00267,-0.09394,-0.00490,0.306
119400,-0.00270,-0.09422,-0.00534,0.306
119500,-0.00246,-0.09455,-0.00548,0.306
119600,-0.00238,-0.09342,-0.00589,0.306
119700,-0.00259,-0.09369,-0.00637,0.306
119800,-0.00193,-0.09477,-0.00686,0.306
119900,-0.00130,-0.09437,-0.00693,0.306
120000,-0.00297,-0.09428,-0.00681,0.307
120100,-0.00292,-0.09396,-0.00704,0.307
120200,-0.00306,-0.09424,-0.00676,0.308
120300,-0.00319,-0.09383,-0.00647,0.308
120400,-0.00367,-0.09339,-0.00673,0.309
120500,-0.00399,-0.09212,-0.00661,0.309
120600,-0.00435,-0.09075,-0.00633,0.310
120700,-0.00397,-0.09119,-0.00651,0.310
120800,-0.00403,-0.09094,-0.00654,0.310
120900,-0.00337,-0.09115,-0.00682,0.310
121000,-0.00398,-0.09079,-0.00673,0.310
121100,-0.00288,-0.09105,-0.00667,0.310
121200,-0.00211,-0.09203,-0.00721,0.310
121300,-0.00255,-0.09309,-0.00729,0.309
121400,-0.00251,-0.09314,-0.00710,0.309
121500,-0.00261,-0.09340,-0.00721,0.308
121600,-0.00211,-0.09349,-0.00768,0.308
121700,-0.00167,-0.09342,-0.00758,0.307
121800,-0.00131,-0.09464,-0.00789,0.307
121900,-0.00083,-0.09600,-0.00812,0.307
122000,-0.00105,-0.09571,-0.00829,0.307
122100,-0.00051,-0.09589,-0.00872,0.307
122200,-0.00083,-0.09647,-0.00904,0.307
122300,-0.00056,-0.09699,-0.00926,0.307
122400,-0.00173,-0.09738,-0.00934,0.307
122500,-0.00173,-0.09813,-0.00951,0.307
122600,-0.00147,-0.09884,-0.00966,0.308
122700,-0.00150,-0.09877,-0.00953,0.309
122800,0.00089,-0.09847,-0.00982,0.309
122900,0.00149,-0.09894,-0.01008,0.309
123000,0.00286,-0.09880,-0.00995,0.310
123100,0.00245,-0.09874,-0.01035,0.311
123200,0.00404,-0.09876,-0.01041,0.311
123300,0.00441,-0.09832,-0.01040,0.312
123400,0.00294,-0.09891,-0.01051,0.314
123500,0.00241,-0.09962,-0.01086,0.314
123600,0.00417,-0.10016,-0.01077,0.315
123700,0.00426,-0.10065,-0.01048,0.316
123800,0.00442,-0.10077,-0.01080,0.316
123900,0.00421,-0.10110,-0.01082,0.316
124000,0.00442,-0.10163,-0.01073,0.315
124100,0.00431,-0.10198,-0.01121,0.315
124200,0.00516,-0.10178,-0.01137,0.316
124300,0.00518,-0.10267,-0.01133,0.316
124400,0.00684,-0.10362,-0.01135,0.315
124500,0.00815,-0.10229,-0.01138,0.315
124600,0.00800,-0.10161,-0.01181,0.316
124700,0.00682,-0.10038,-0.01173,0.318
124800,0.00587,-0.10114,-0.01160,0.318
124900,0.00620,-0.10090,-0.01157,0.317
125000,0.00744,-0.10016,-0.01173,0.317
125100,0.00711,-0.10069,-0.01194,0.317
125200,0.00663,-0.10096,-0.01154,0.318
125300,0.00574,-0.10096,-0.01153,0.317
125400,0.00600,-0.10111,-0.01151,0.318
125500,0.00705,-0.10084,-0.01159,0.318
125600,0.00806,-0.10061,-0.01120,0.319
125700,0.00965,-0.09986,-0.01116,0.318
125800,0.00888,-0.09973,-0.01119,0.319
125900,0.00935,-0.09947,-0.01148,0.319
126000,0.00888,-0.10067,-0.01129,0.320
126100,0.00876,-0.10006,-0.01134,0.319
126200,0.00930,-0.10031,-0.01155,0.320
126300,0.00917,-0.10061,-0.01153,0.321
126400,0.00916,-0.09978,-0.01158,0.320
126500,0.00952,-0.10186,-0.01173,0.321
126600,0.00914,-0.10330,-0.01186,0.320
126700,0.00776,-0.10305,-0.01145,0.321
126800,0.00756,-0.10385,-0.01116,0.321
126900,0.00780,-0.10490,-0.01121,0.321
127000,0.00776,-0.10510,-0.01106,0.320
127100,0.00761,-0.10499,-0.01121,0.319
127200,0.00784,-0.10530,-0.01108,0.319
127300,0.00806,-0.10635,-0.01099,0.319
127400,0.00778,-0.10636,-0.01074,0.319
127500,0.00761,-0.10569,-0.00995,0.319
127600,0.00694,-0.10637,-0.00985,0.319
127700,0.00668,-0.10656,-0.00991,0.320
127800,0.00713,-0.10709,-0.01019,0.320
127900,0.00746,-0.10703,-0.01026,0.321
128000,0.00652,-0.10994,-0.00981,0.320
128100,0.00573,-0.11010,-0.01021,0.318
128200,0.00503,-0.11023,-0.01007,0.320
128300,0.00444,-0.11024,-0.01001,0.320
128400,0.00527,-0.11055,-0.00974,0.321
128500,0.00553,-0.11094,-0.00928,0.321
128600,0.00628,-0.11099,-0.00878,0.321
128700,0.00578,-0.11146,-0.00900,0.322
128800,0.00561,-0.11124,-0.00864,0.322
128900,0.00459,-0.11134,-0.00838,0.322
129000,0.00416,-0.11176,-0.00830,0.322
129100,0.00330,-0.11184,-0.00798,0.322
129200,0.00300,-0.11158,-0.00783,0.322
129300,0.00314,-0.11099,-0.00815,0.322
129400,0.00313,-0.11120,-0.00832,0.322
129500,0.00380,-0.11159,-0.00868,0.323
129600,0.00379,-0.11236,-0.00875,0.323
129700,0.00341,-0.11239,-0.00854,0.323
129800,0.00271,-0.11231,-0.00840,0.323
129900,0.00120,-0.11239,-0.00805,0.323
130000,0.00234,-0.11267,-0.00794,0.322
130100,0.00216,-0.11374,-0.00804,0.322
130200,0.00291,-0.11294,-0.00837,0.322
130300,0.00245,-0.11306,-0.00869,0.322
130400,0.00362,-0.11354,-0.00880,0.322
130500,0.00534,-0.11372,-0.00929,0.322
130600,0.00746,-0.11492,-0.00929,0.322
130700,0.00699,-0.11449,-0.00930,0.321
130800,0.00714,-0.11459,-0.00891,0.321
130900,0.00782,-0.11394,-0.00864,0.321
131000,0.01020,-0.11610,-0.00841,0.322
131100,0.01050,-0.11550,-0.00860,0.323
131200,0.01144,-0.11519,-0.00835,0.323
131300,0.01254,-0.11512,-0.00826,0.323
131400,0.01317,-0.11592,-0.00811,0.323
131500,0.01295,-0.11545,-0.00792,0.323
131600,0.01351,-0.11485,-0.00770,0.323
131700,0.01406,-0.11459,-0.00778,0.323
131800,0.01410,-0.11479,-0.00757,0.323
131900,0.01408,-0.11429,-0.00742,0.324
132000,0.01413,-0.11463,-0.00698,0.323
132100,0.01398,-0.11424,-0.00677,0.323
132200,0.01439,-0.11317,-0.00670,0.323
132300,0.01570,-0.11358,-0.00669,0.325
132400,0.01684,-0.11271,-0.00679,0.325
132500,0.01703,-0.11330,-0.00635,0.326
132600,0.01793,-0.11337,-0.00622,0.325
132700,0.01738,-0.11365,-0.00635,0.325
132800,0.01558,-0.11441,-0.00584,0.325
132900,0.01555,-0.11404,-0.00553,0.326
133000,0.01474,-0.11479,-0.00530,0.326
133100,0.01577,-0.11515,-0.00504,0.324
133200,0.01599,-0.11512,-0.00490,0.325
133300,0.01660,-0.11504,-0.00494,0.324
133400,0.01708,-0.11499,-0.00472,0.324
133500,0.01768,-0.11513,-0.00439,0.324
133600,0.01665,-0.11521,-0.00463,0.323
133700,0.01784,-0.11553,-0.00501,0.322
133800,0.01779,-0.11594,-0.00489,0.322
133900,0.01813,-0.11651,-0.00493,0.321
134000,0.01885,-0.11613,-0.00479,0.322
134100,0.01939,-0.11669,-0.00468,0.321
134200,0.01867,-0.11697,-0.00439,0.322
134300,0.01914,-0.11780,-0.00426,0.322
134400,0.01896,-0.11921,-0.00420,0.322
134500,0.01795,-0.12145,-0.00413,0.322
134600,0.01807,-0.12329,-0.00429,0.322
134700,0.01896,-0.12418,-0.00422,0.321
134800,0.01990,-0.12558,-0.00445,0.321
134900,0.02002,-0.12550,-0.00454,0.321
135000,0.01893,-0.12531,-0.00457,0.321
135100,0.01934,-0.12590,-0.00475,0.320
135200,0.01983,-0.12650,-0.00534,0.320
135300,0.02035,-0.12634,-0.00551,0.321
135400,0.02103,-0.12588,-0.00583,0.321
135500,0.02062,-0.12611,-0.00553,0.321
135600,0.02046,-0.12574,-0.00573,0.321
135700,0.02039,-0.12641,-0.00533,0.321
135800,0.02067,-0.12629,-0.00571,0.321
135900,0.02066,-0.12706,-0.00558,0.322
136000,0.02028,-0.12658,-0.00609,0.321
136100,0.02034,-0.12617,-0.00550,0.322
136200,0.01972,-0.12626,-0.00575,0.322
136300,0.02149,-0.12625,-0.00542,0.321
136400,0.02226,-0.12697,-0.00576,0.321
136500,0.02206,-0.12606,-0.00574,0.321
136600,0.02259,-0.12610,-0.00558,0.321
136700,0.02394,-0.12651,-0.00594,0.321
136800,0.02484,-0.12651,-0.00611,0.321
136900,0.02533,-0.12653,-0.00596,0.321
137000,0.02537,-0.12553,-0.00619,0.322
137100,0.02500,-0.12551,-0.00660,0.322
137200,0.02526,-0.12516,-0.00667,0.322
137300,0.02687,-0.12436,-0.00640,0.322
137400,0.02717,-0.12417,-0.00639,0.322
137500,0.02732,-0.12543,-0.00683,0.322
137600,0.02810,-0.12474,-0.00663,0.322
137700,0.02809,-0.12478,-0.00642,0.321
137800,0.02795,-0.12542,-0.00606,0.320
137900,0.02766,-0.12629,-0.00618,0.319
138000,0.02742,-0.12459,-0.00660,0.319
138100,0.02791,-0.12460,-0.00671,0.320
138200,0.02822,-0.12468,-0.00685,0.320
138300,0.02797,-0.12380,-0.00684,0.320
138400,0.02846,-0.12382,-0.00694,0.319
138500,0.02865,-0.12421,-0.00710,0.319
138600,0.02865,-0.12357,-0.00704,0.319
138700,0.02915,-0.12438,-0.00682,0.318
138800,0.02835,-0.12432,-0.00696,0.318
138900,0.02871,-0.12444,-0.00677,0.318
139000,0.02980,-0.12481,-0.00671,0.318
139100,0.03138,-0.12460,-0.00681,0.319
139200,0.03233,-0.12473,-0.00647,0.319
139300,0.03276,-0.12426,-0.00610,0.318
139400,0.03293,-0.12401,-0.00586,0.318
139500,0.03231,-0.12393,-0.00573,0.317
139600,0.03228,-0.12416,-0.00568,0.318
139700,0.03348,-0.12392,-0.00622,0.317
139800,0.03414,-0.12349,-0.00635,0.318
139900,0.03532,-0.12325,-0.00630,0.318
140000,0.03378,-0.12244,-0.00662,0.318
140100,0.03450,-0.12129,-0.00609,0.318
140200,0.03511,-0.12192,-0.00589,0.318
140300,0.03436,-0.12061,-0.00587,0.319
140400,0.03347,-0.12064,-0.00574,0.318
140500,0.03237,-0.12125,-0.00558,0.317
140600,0.03178,-0.12068,-0.00582,0.316
140700,0.03178,-0.12045,-0.00593,0.316
140800,0.03237,-0.12093,-0.00622,0.316
140900,0.03231,-0.12186,-0.00602,0.315
141000,0.03022,-0.12141,-0.00622,0.314
141100,0.02884,-0.12201,-0.00584,0.314
141200,0.02761,-0.12226,-0.00533,0.314
141300,0.02700,-0.12216,-0.00541,0.315
141400,0.02559,-0.12104,-0.00561,0.315
141500,0.02520,-0.12162,-0.00551,0.316
141600,0.02494,-0.12145,-0.00532,0.316
141700,0.02431,-0.12094,-0.00528,0.316
141800,0.02435,-0.12099,-0.00535,0.316
141900,0.02420,-0.12138,-0.00526,0.315
142000,0.02469,-0.12125,-0.00531,0.316
142100,0.02530,-0.12176,-0.00535,0.315
142200,0.02592,-0.12201,-0.00528,0.314
142300,0.02598,-0.12156,-0.00540,0.313
142400,0.02536,-0.12248,-0.00518,0.312
142500,0.02532,-0.12156,-0.00536,0.312
142600,0.02523,-0.12080,-0.00529,0.311
142700,0.02495,-0.12039,-0.00519,0.311
142800,0.02491,-0.11982,-0.00562,0.311
142900,0.02450,-0.11975,-0.00597,0.311
143000,0.02415,-0.11895,-0.00626,0.311
143100,0.02392,-0.11934,-0.00626,0.311
143200,0.02317,-0.11938,-0.00649,0.310
143300,0.02240,-0.11932,-0.00651,0.311
143400,0.02341,-0.11927,-0.00666,0.310
143500,0.02264,-0.11870,-0.00657,0.310
143600,0.02196,-0.11844,-0.00630,0.311
143700,0.02147,-0.11867,-0.00621,0.311
143800,0.02194,-0.11782,-0.00629,0.311
143900,0.02153,-0.11711,-0.00603,0.312
144000,0.02112,-0.11677,-0.00589,0.311
144100,0.02037,-0.11586,-0.00572,0.312
144200,0.02092,-0.11580,-0.00601,0.311
144300,0.02172,-0.11487,-0.00600,0.310
144400,0.02075,-0.11443,-0.00617,0.309
144500,0.02161,-0.11365,-0.00663,0.309
144600,0.02125,-0.11379,-0.00653,0.307
144700,0.02085,-0.11466,-0.00654,0.307
144800,0.02043,-0.11418,-0.00649,0.306
144900,0.02012,-0.11368,-0.00659,0.307
145000,0.02160,-0.11505,-0.00658,0.307
145100,0.02201,-0.11529,-0.00648,0.308
145200,0.02158,-0.11436,-0.00617,0.309
145300,0.02143,-0.11395,-0.00608,0.309
145400,0.02060,-0.11367,-0.00573,0.309
145500,0.02051,-0.11326,-0.00624,0.310
145600,0.02001,-0.11264,-0.00633,0.310
145700,0.01891,-0.11260,-0.00651,0.310
145800,0.01935,-0.11308,-0.00625,0.310
145900,0.01998,-0.11268,-0.00628,0.308
146000,0.02213,-0.11381,-0.00581,0.308
146100,0.02296,-0.11459,-0.00598,0.308
146200,0.02354,-0.11497,-0.00591,0.309
146300,0.02341,-0.11416,-0.00625,0.309
146400,0.02342,-0.11445,-0.00608,0.309
146500,0.02356,-0.11404,-0.00623,0.310
146600,0.02435,-0.11389,-0.00625,0.310
146700,0.02358,-0.11236,-0.00581,0.310
146800,0.02271,-0.11181,-0.00543,0.310
146900,0.02247,-0.11145,-0.00566,0.309
147000,0.02262,-0.11273,-0.00553,0.308
147100,0.02328,-0.11287,-0.00525,0.309
147200,0.02356,-0.11288,-0.00489,0.309
147300,0.02346,-0.11363,-0.00498,0.309
147400,0.02399,-0.11353,-0.00457,0.309
147500,0.02459,-0.11210,-0.00429,0.309
147600,0.02461,-0.11267,-0.00453,0.309
147700,0.02571,-0.11257,-0.00445,0.309
147800,0.02598,-0.11286,-0.00449,0.310
147900,0.02705,-0.11384,-0.00425,0.310
148000,0.02882,-0.11536,-0.00418,0.311
148100,0.02828,-0.11476,-0.00442,0.311
148200,0.02726,-0.11355,-0.00435,0.311
148300,0.02711,-0.11499,-0.00429,0.312
148400,0.02652,-0.11464,-0.00408,0.312
148500,0.02616,-0.11460,-0.00399,0.312
148600,0.02514,-0.11495,-0.00370,0.312
148700,0.02527,-0.11445,-0.00362,0.312
148800,0.02580,-0.11447,-0.00384,0.312
148900,0.02527,-0.11497,-0.00390,0.313
149000,0.02330,-0.11420,-0.00409,0.313
149100,0.02283,-0.11446,-0.00405,0.313
149200,0.02145,-0.11469,-0.00438,0.313
149300,0.02158,-0.11503,-0.00411,0.313
149400,0.02173,-0.11451,-0.00403,0.314
149500,0.02208,-0.11461,-0.00375,0.314
149600,0.02187,-0.11437,-0.00355,0.315
149700,0.02036,-0.11498,-0.00292,0.316
149800,0.01990,-0.11543,-0.00260,0.315
149900,0.01915,-0.11505,-0.00243,0.316
150000,0.01914,-0.11525,-0.00199,0.316
150100,0.01821,-0.11586,-0.00231,0.315
150200,0.01779,-0.11621,-0.00227,0.315
150300,0.01745,-0.11717,-0.00211,0.314
150400,0.01692,-0.11676,-0.00219,0.314
150500,0.01615,-0.11731,-0.00199,0.315
150600,0.01434,-0.11681,-0.00173,0.314
150700,0.01363,-0.11556,-0.00116,0.313
150800,0.01228,-0.11504,-0.00089,0.313
150900,0.01178,-0.11527,-0.00115,0.313
151000,0.01237,-0.11439,-0.00067,0.315
151100,0.01361,-0.11385,-0.00087,0.314
151200,0.01287,-0.11242,-0.00096,0.313
151300,0.01239,-0.11166,-0.00062,0.313
151400,0.01349,-0.11160,-0.00058,0.313
151500,0.01425,-0.11162,-0.00053,0.313
151600,0.01357,-0.11177,-0.00071,0.312
151700,0.01378,-0.11263,-0.00101,0.313
151800,0.01413,-0.11164,-0.00108,0.312
151900,0.01497,-0.11130,-0.00111,0.312
152000,0.01472,-0.11083,-0.00072,0.313
152100,0.01349,-0.11003,-0.00059,0.314
152200,0.01254,-0.11026,-0.00030,0.315
152300,0.01306,-0.11048,0.00025,0.315
152400,0.01410,-0.10987,0.00015,0.316
152500,0.01385,-0.10928,0.00007,0.315
152600,0.01295,-0.10867,-0.00003,0.315
152700,0.01232,-0.10763,0.00016,0.316
152800,0.01193,-0.10749,0.00007,0.316
152900,0.01159,-0.10684,0.00044,0.317
153000,0.01164,-0.10714,0.00074,0.316
153100,0.01133,-0.10642,0.00050,0.317
153200,0.01060,-0.10565,0.00059,0.318
153300,0.01098,-0.10620,0.00071,0.318
153400,0.01045,-0.10596,0.00078,0.318
153500,0.01006,-0.10597,0.00069,0.319
153600,0.01046,-0.10595,0.00093,0.318
153700,0.00944,-0.10600,0.00109,0.318
153800,0.00854,-0.10670,0.00132,0.317
153900,0.00909,-0.10654,0.00132,0.317
154000,0.00930,-0.10653,0.00147,0.317
154100,0.00936,-0.10694,0.00135,0.316
154200,0.00827,-0.10685,0.00160,0.315
154300,0.00769,-0.10738,0.00142,0.316
154400,0.00817,-0.10711,0.00132,0.317
154500,0.00867,-0.10611,0.00137,0.317
154600,0.00885,-0.10416,0.00158,0.317
154700,0.00944,-0.10392,0.00143,0.317
154800,0.00963,-0.10346,0.00123,0.317
154900,0.00986,-0.10357,0.00134,0.316
155000,0.00861,-0.10294,0.00119,0.316
155100,0.00875,-0.10169,0.00166,0.315
155200,0.00903,-0.10203,0.00134,0.315
155300,0.00819,-0.10230,0.00090,0.314
155400,0.00865,-0.10253,0.00089,0.314
155500,0.00906,-0.10235,0.00099,0.313
155600,0.00974,-0.10346,0.00116,0.313
155700,0.01011,-0.10295,0.00101,0.312
155800,0.01095,-0.10350,0.00113,0.312
155900,0.01067,-0.10393,0.00073,0.312
156000,0.00942,-0.10381,0.00041,0.313
