i,word,power,danger
0,great,0.531,-0.204
0,dead,-0.467,0.279
0,marry,0.449,-0.096
1,hero,0.641,-0.091
1,rich,0.544,-0.171
1,fooled,-0.319,0.446
2,mother,0.333,-0.366
2,may,-0.192,-0.315
2,know,0.213,-0.279
3,famous,0.615,-0.095
3,clever,0.293,-0.378
3,heaven,0.214,-0.361
4,glory,0.565,-0.149
4,father,0.310,-0.327
4,alive,0.390,-0.124
5,avenge,0.005,0.564
5,punish,0.008,0.535
5,feast,0.476,-0.184
6,fighting,0.285,0.428
6,death,-0.149,0.490
6,beating,-0.028,0.480
7,destruction,0.088,0.588
7,wise,0.330,-0.430
7,honesty,0.340,-0.368
8,losing,-0.323,0.423
8,wickedness,-0.166,0.493
8,knowledge,0.426,-0.282
9,worse,-0.320,0.446
9,dead,-0.467,0.279
9,died,-0.292,0.443
10,marriage,0.440,-0.111
10,fine,0.143,-0.406
10,troublesome,0.011,0.424
11,fear,-0.200,0.534
11,hate,-0.140,0.544
11,harassing,-0.050,0.530
12,perfection,0.621,-0.088
12,marry,0.449,-0.096
12,may,-0.192,-0.315
13,celebrate,0.638,-0.040
13,waste,-0.453,0.325
13,mother,0.333,-0.366
14,violence,0.147,0.625
14,cruel,-0.092,0.521
14,hope,0.298,-0.425
15,scandalous,0.053,0.547
15,fight,0.415,0.244
15,folly,-0.097,0.452
16,great,0.531,-0.204
16,badly,-0.363,0.306
16,small,-0.395,-0.250
17,wicked,0.055,0.474
17,alone,-0.448,-0.121
17,father,0.310,-0.327
18,succeeding,0.557,-0.075
18,coward,-0.457,0.266
18,fool,-0.395,0.272
19,worse,-0.320,0.446
19,wise,0.330,-0.430
19,death,-0.149,0.490
20,life,0.497,-0.209
20,home,0.099,-0.413
20,delayed,-0.366,0.207
21,goddess,0.491,-0.206
21,ill,-0.473,0.234
21,lost,-0.327,0.315
22,peace,0.136,-0.550
22,waste,-0.453,0.325
22,kind,0.169,-0.476
23,poison,-0.031,0.484
23,captain,0.436,0.088
23,friends,0.309,-0.298
24,kill,0.158,0.638
24,treasure,0.489,-0.232
24,mother,0.333,-0.366
25,god,0.416,-0.158
25,faithful,0.205,-0.390
25,closed,-0.422,-0.051
26,poor,-0.538,0.133
26,gone,-0.457,-0.049
26,father,0.310,-0.327
27,dead,-0.467,0.279
27,hope,0.298,-0.425
27,wicked,0.055,0.474
28,fear,-0.200,0.534
28,worrying,-0.254,0.491
28,crying,-0.287,0.379
29,water,-0.076,-0.488
29,sun,0.271,-0.334
29,darkness,-0.209,0.355
30,goddess,0.491,-0.206
30,sleep,-0.203,-0.448
30,drowsiness,-0.408,-0.046
31,together,0.249,-0.338
31,words,-0.051,-0.349
31,know,0.213,-0.279
32,blue,-0.252,-0.365
32,white,-0.100,-0.394
32,aloft,0.219,-0.275
33,twisted,-0.238,0.465
33,immortal,0.488,-0.041
33,book,0.088,-0.414
34,earthquake,0.219,0.619
34,sacrifice,0.038,0.442
34,heaven,0.214,-0.361
35,excellent,0.543,-0.264
35,shy,-0.542,-0.096
35,truth,0.321,-0.402
36,company,0.382,-0.333
36,assured,0.289,-0.382
36,ashamed,-0.326,0.298
37,soft,-0.218,-0.421
37,father,0.310,-0.327
37,cup,-0.297,-0.324
38,feast,0.476,-0.184
38,king,0.463,0.020
38,god,0.416,-0.158
39,happy,0.558,-0.188
39,rest,-0.101,-0.532
39,respect,0.325,-0.405
40,knight,0.354,-0.229
40,likewise,-0.196,-0.312
40,sail,-0.203,-0.284
41,courage,0.526,-0.067
41,unhappy,-0.443,0.266
41,good,0.180,-0.406
42,battle,0.412,0.420
42,dead,-0.467,0.279
42,pleased,0.455,-0.272
43,sorrow,-0.593,0.127
43,brave,0.589,-0.054
43,great,0.531,-0.204
44,valiant,0.599,-0.089
44,kind,0.169,-0.476
44,fight,0.415,0.244
45,council,0.179,-0.418
45,purpose,0.370,-0.181
45,talk,0.160,-0.343
46,quarrel,0.009,0.576
46,wise,0.330,-0.430
46,sunset,-0.088,-0.465
47,anger,0.122,0.499
47,fool,-0.395,0.272
47,wait,-0.467,-0.040
48,rest,-0.101,-0.532
48,cruel,-0.092,0.521
48,water,-0.076,-0.488
49,peace,0.136,-0.550
49,stormy,0.045,0.514
49,forward,0.325,-0.320
50,danger,0.136,0.577
50,heaven,0.214,-0.361
50,friend,0.213,-0.351
51,death,-0.149,0.490
51,safe,0.293,-0.410
51,lost,-0.327,0.315
52,murderer,0.084,0.678
52,fearful,-0.377,0.280
52,false,-0.423,0.198
53,happiness,0.593,-0.158
53,vengeance,0.165,0.591
53,ill,-0.473,0.234
54,great,0.531,-0.204
54,fighting,0.285,0.428
54,kind,0.169,-0.476
55,fortune,0.592,-0.133
55,treachery,-0.067,0.527
55,hope,0.298,-0.425
56,destruction,0.088,0.588
56,immortal,0.488,-0.041
56,talk,0.160,-0.343
57,kill,0.158,0.638
57,die,-0.281,0.512
57,dead,-0.467,0.279
58,natural,-0.020,-0.520
58,wickedness,-0.166,0.493
58,wicked,0.055,0.474
59,burnt,-0.211,0.443
59,good,0.180,-0.406
59,home,0.099,-0.413
60,evil,-0.040,0.560
60,died,-0.292,0.443
60,wait,-0.467,-0.040
61,wrecked,-0.313,0.377
61,small,-0.395,-0.250
61,protected,0.269,-0.331
62,murderer,0.084,0.678
62,mother,0.333,-0.366
62,celebrated,0.468,-0.129
63,dangerous,0.086,0.658
63,treasure,0.489,-0.232
63,property,0.207,-0.353
64,excellent,0.543,-0.264
64,terrible,0.023,0.563
64,truth,0.321,-0.402
65,water,-0.076,-0.488
65,festival,0.437,-0.117
65,order,0.269,-0.330
66,poor,-0.538,0.133
66,immortal,0.488,-0.041
66,unable,-0.425,0.225
67,comfortable,0.032,-0.542
67,sleep,-0.203,-0.448
67,friend,0.213,-0.351
68,rest,-0.101,-0.532
68,pleased,0.455,-0.272
68,friendship,0.293,-0.431
69,hero,0.641,-0.091
69,brave,0.589,-0.054
69,great,0.531,-0.204
70,good,0.180,-0.406
70,sacrifice,0.038,0.442
70,grace,0.081,-0.430
71,drunk,-0.190,0.417
71,home,0.099,-0.413
71,lid,-0.331,-0.218
72,queen,0.539,-0.124
72,dead,-0.467,0.279
72,couch,-0.372,-0.369
73,goddess,0.491,-0.206
73,foremost,0.456,-0.088
73,plain,-0.296,-0.238
74,excellent,0.543,-0.264
74,water,-0.076,-0.488
74,burnt,-0.211,0.443
75,pleasure,0.465,-0.144
75,gold,0.446,-0.181
75,flower,-0.176,-0.443
76,bleeding,-0.097,0.479
76,delight,0.409,-0.204
76,down,-0.398,0.084
77,rest,-0.101,-0.532
77,lovely,0.361,-0.322
77,small,-0.395,-0.250
78,shirt,-0.246,-0.371
78,god,0.416,-0.158
78,worthy,0.293,-0.323
79,forward,0.325,-0.320
79,sun,0.271,-0.334
79,darkness,-0.209,0.355
80,entertained,0.422,-0.183
80,completed,0.293,-0.320
80,book,0.088,-0.414
81,valiant,0.599,-0.089
81,warrior,0.453,0.298
81,low,-0.526,-0.059
82,merry,0.540,-0.176
82,heaven,0.214,-0.361
82,reigning,0.419,-0.021
83,angry,0.045,0.505
83,friends,0.309,-0.298
83,close,-0.390,-0.025
84,peace,0.136,-0.550
84,fool,-0.395,0.272
84,feed,0.294,-0.264
85,admired,0.464,-0.247
85,water,-0.076,-0.488
85,hearts,0.364,-0.255
86,poor,-0.538,0.133
86,gold,0.446,-0.181
86,clean,0.005,-0.464
87,splendid,0.536,-0.108
87,admiration,0.437,-0.272
87,palace,0.413,-0.254
88,wealth,0.502,-0.149
88,immortal,0.488,-0.041
88,hardship,-0.084,0.482
89,riches,0.596,-0.181
89,stately,0.573,-0.064
89,great,0.531,-0.204
90,sorrow,-0.593,0.127
90,crying,-0.287,0.379
90,comfort,0.175,-0.441
91,dead,-0.467,0.279
91,miserable,-0.463,0.277
91,loathing,-0.162,0.500
92,lovely,0.361,-0.322
92,soft,-0.218,-0.421
92,father,0.310,-0.327
93,wit,0.363,-0.248
93,fine,0.143,-0.406
93,wool,-0.247,-0.320
94,battle,0.412,0.420
94,hearts,0.364,-0.255
94,woman,0.238,-0.261
95,modest,-0.111,-0.447
95,ashamed,-0.326,0.298
95,dear,0.251,-0.315
96,absent,-0.572,0.025
96,interesting,0.488,-0.143
96,bless,0.167,-0.466
97,happy,0.558,-0.188
97,death,-0.149,0.490
97,safe,0.293,-0.410
98,fortune,0.592,-0.133
98,excellent,0.543,-0.264
98,great,0.531,-0.204
99,poor,-0.538,0.133
99,died,-0.292,0.443
99,crying,-0.287,0.379
100,valiant,0.599,-0.089
100,weeping,-0.359,0.418
100,blessed,0.240,-0.440
101,sorrow,-0.593,0.127
101,dead,-0.467,0.279
101,rest,-0.101,-0.532
102,skilled,0.557,-0.182
102,poisonous,0.002,0.544
102,power,0.518,-0.022
103,evil,-0.040,0.560
103,difficulties,-0.176,0.492
103,feast,0.476,-0.184
104,betray,-0.025,0.588
104,alone,-0.448,-0.121
104,clothes,-0.006,-0.403
105,glad,0.516,-0.127
105,unhappy,-0.443,0.266
105,true,0.367,-0.319
106,destruction,0.088,0.588
106,courage,0.526,-0.067
106,death,-0.149,0.490
107,sad,-0.471,0.069
107,noise,-0.018,0.433
107,spring,0.092,-0.334
108,enjoy,0.517,-0.166
108,pleased,0.455,-0.272
108,sleep,-0.203,-0.448
109,immortal,0.488,-0.041
109,lovely,0.361,-0.322
109,god,0.416,-0.158
110,killing,0.152,0.629
110,great,0.531,-0.204
110,pity,-0.497,0.159
111,brave,0.589,-0.054
111,usurp,-0.083,0.488
111,loyal,0.198,-0.442
112,deceive,-0.133,0.480
112,cheered,0.467,-0.157
112,short,-0.461,0.055
113,satisfaction,0.409,-0.216
113,forward,0.325,-0.320
113,good,0.180,-0.406
114,goddess,0.491,-0.206
114,hope,0.298,-0.425
114,starved,-0.314,0.410
115,greatly,0.497,-0.021
115,dying,-0.207,0.442
115,trouble,-0.068,0.476
116,father,0.310,-0.327
116,snare,0.008,0.436
116,home,0.099,-0.413
117,dangerous,0.086,0.658
117,easily,0.052,-0.433
117,sun,0.271,-0.334
118,strong,0.608,-0.112
118,water,-0.076,-0.488
118,sleep,-0.203,-0.448
119,kind,0.169,-0.476
119,strength,0.496,-0.078
119,utmost,0.483,0.022
120,angry,0.045,0.505
120,talk,0.160,-0.343
120,may,-0.192,-0.315
121,prowess,0.461,-0.089
121,heartily,0.346,-0.281
121,dawn,0.050,-0.418
122,monster,0.094,0.569
122,great,0.531,-0.204
122,lie,-0.242,0.413
123,shout,0.027,0.487
123,fat,-0.411,0.106
123,suspected,-0.076,0.410
124,wild,0.289,0.438
124,distressed,-0.176,0.437
124,lost,-0.327,0.315
125,gain,0.507,-0.191
125,rest,-0.101,-0.532
125,losing,-0.323,0.423
126,terrible,0.023,0.563
126,holy,0.107,-0.485
126,immortal,0.488,-0.041
127,dead,-0.467,0.279
127,fighting,0.285,0.428
127,perished,-0.335,0.318
128,drown,-0.208,0.549
128,hatred,-0.120,0.571
128,leader,0.513,-0.166
129,water,-0.076,-0.488
129,protected,0.269,-0.331
129,sitting,-0.245,-0.294
130,war,0.113,0.626
130,joy,0.606,-0.111
130,gold,0.446,-0.181
131,feast,0.476,-0.184
131,doom,-0.135,0.479
131,shambles,-0.175,0.292
132,waste,-0.453,0.325
132,weeping,-0.359,0.418
132,broken,-0.368,0.308
133,killing,0.152,0.629
133,sorrow,-0.593,0.127
133,unable,-0.425,0.225
134,die,-0.281,0.512
134,life,0.497,-0.209
134,prisoner,-0.279,0.408
135,fresh,0.045,-0.442
135,dawn,0.050,-0.418
135,clouded,-0.410,-0.018
136,anger,0.122,0.499
136,live,0.399,-0.148
136,home,0.099,-0.413
137,immortal,0.488,-0.041
137,noble,0.208,-0.396
137,delightful,0.425,-0.134
138,kingdom,0.426,-0.105
138,white,-0.100,-0.394
138,wheat,-0.316,-0.250
139,family,0.281,-0.413
139,gold,0.446,-0.181
139,precious,0.371,-0.292
140,foremost,0.456,-0.088
140,insolence,-0.152,0.434
140,sheep,-0.334,-0.292
141,broken,-0.368,0.308
141,gone,-0.457,-0.049
141,together,0.249,-0.338
142,difficulty,-0.191,0.464
142,free,0.229,-0.285
142,man,0.252,-0.175
143,angry,0.045,0.505
143,god,0.416,-0.158
143,down,-0.398,0.084
144,rage,0.091,0.577
144,trouble,-0.068,0.476
144,lie,-0.242,0.413
145,father,0.310,-0.327
145,court,0.355,0.215
145,mistress,0.346,0.118
146,waste,-0.453,0.325
146,unjust,-0.293,0.355
146,hearts,0.364,-0.255
147,murder,0.076,0.627
147,frustrate,-0.238,0.491
147,dreadful,-0.177,0.486
148,die,-0.281,0.512
148,dead,-0.467,0.279
148,agony,-0.154,0.487
149,sorrow,-0.593,0.127
149,brave,0.589,-0.054
149,great,0.531,-0.204
150,corpse,-0.321,0.390
150,home,0.099,-0.413
150,bed,-0.230,-0.308
151,kill,0.158,0.638
151,hit,0.203,0.496
151,exterminate,0.180,0.490
152,hate,-0.140,0.544
152,death,-0.149,0.490
152,crying,-0.287,0.379
153,lie,-0.242,0.413
153,fat,-0.411,0.106
153,cried,-0.290,0.308
154,doomed,-0.251,0.499
154,queen,0.539,-0.124
154,goddess,0.491,-0.206
155,twisted,-0.238,0.465
155,water,-0.076,-0.488
155,little,-0.428,-0.163
156,unable,-0.425,0.225
156,wicked,0.055,0.474
156,sister,0.168,-0.420
157,suffer,-0.187,0.575
157,weep,-0.408,0.392
157,sleeping,-0.230,-0.437
158,brave,0.589,-0.054
158,great,0.531,-0.204
158,torture,0.029,0.541
159,killing,0.152,0.629
159,glad,0.516,-0.127
159,tremble,-0.061,0.489
160,idle,-0.600,-0.014
160,divine,0.521,-0.237
160,dead,-0.467,0.279
161,couch,-0.372,-0.369
161,king,0.463,0.020
161,council,0.179,-0.418
162,pain,-0.192,0.531
162,cruel,-0.092,0.521
162,hope,0.298,-0.425
163,murder,0.076,0.627
163,punish,0.008,0.535
163,father,0.310,-0.327
164,poor,-0.538,0.133
164,perilous,0.049,0.511
164,protect,0.474,-0.074
165,slayer,0.093,0.635
165,disaster,-0.069,0.570
165,glittering,0.451,-0.186
166,sleep,-0.203,-0.448
166,weary,-0.473,0.058
166,down,-0.398,0.084
167,great,0.531,-0.204
167,shooting,0.168,0.463
167,home,0.099,-0.413
168,admired,0.464,-0.247
168,charmed,0.446,-0.257
168,water,-0.076,-0.488
169,sorrow,-0.593,0.127
169,barren,-0.426,0.137
169,live,0.399,-0.148
170,goddess,0.491,-0.206
170,god,0.416,-0.158
170,sea,0.160,-0.338
171,brave,0.589,-0.054
171,alone,-0.448,-0.121
171,king,0.463,0.020
172,furious,0.069,0.633
172,rage,0.091,0.577
172,hate,-0.140,0.544
173,poor,-0.538,0.133
173,angry,0.045,0.505
173,grow,0.446,-0.209
174,punish,0.008,0.535
174,faith,0.222,-0.423
174,good,0.180,-0.406
175,weeping,-0.359,0.418
175,despair,-0.236,0.470
175,tired,-0.498,0.132
176,life,0.497,-0.209
176,settle,0.372,-0.215
176,home,0.099,-0.413
177,great,0.531,-0.204
177,dreadful,-0.177,0.486
177,venture,0.448,-0.065
178,blessed,0.240,-0.440
178,harm,-0.183,0.429
178,wrong,-0.203,0.387
179,suffering,-0.326,0.487
179,satisfied,0.367,-0.317
179,noble,0.208,-0.396
180,goddess,0.491,-0.206
180,less,-0.520,-0.026
180,immortal,0.488,-0.041
181,rest,-0.101,-0.532
181,trouble,-0.068,0.476
181,god,0.416,-0.158
182,shirt,-0.246,-0.371
182,fine,0.143,-0.406
182,graceful,0.319,-0.280
183,bored,-0.552,0.009
183,smooth,-0.176,-0.500
183,water,-0.076,-0.488
184,skilled,0.557,-0.182
184,protection,0.314,-0.235
184,raft,-0.321,-0.206
185,clean,0.005,-0.464
185,good,0.180,-0.406
185,completed,0.293,-0.320
186,alone,-0.448,-0.121
186,king,0.463,0.020
186,closed,-0.422,-0.051
187,angry,0.045,0.505
187,hardship,-0.084,0.482
187,plenty,0.451,-0.145
188,afraid,-0.297,0.533
188,rage,0.091,0.577
188,sky,0.029,-0.519
189,dead,-0.467,0.279
189,safe,0.293,-0.410
189,true,0.367,-0.319
190,hurricane,0.266,0.562
190,fury,0.088,0.583
190,great,0.531,-0.204
191,lose,-0.408,0.291
191,spite,-0.294,0.365
191,down,-0.398,0.084
192,kill,0.158,0.638
192,furiously,0.098,0.616
192,poor,-0.538,0.133
193,harm,-0.183,0.429
193,enchanted,0.406,-0.202
193,blue,-0.252,-0.365
194,troubles,-0.222,0.559
194,ruin,-0.368,0.319
194,good,0.180,-0.406
195,terrible,0.023,0.563
195,whirlwind,0.280,0.353
195,clothes,-0.006,-0.403
196,palace,0.413,-0.254
196,lie,-0.242,0.413
196,king,0.463,0.020
197,calm,-0.162,-0.556
197,death,-0.149,0.490
197,water,-0.076,-0.488
198,evil,-0.040,0.560
198,thankful,0.314,-0.438
198,sore,-0.330,0.385
199,afraid,-0.297,0.533
199,great,0.531,-0.204
199,smooth,-0.176,-0.500
200,hurricane,0.266,0.562
200,monster,0.094,0.569
200,attack,0.230,0.471
201,strong,0.608,-0.112
201,pain,-0.192,0.531
201,torn,-0.325,0.249
202,poor,-0.538,0.133
202,beating,-0.028,0.480
202,spite,-0.294,0.365
203,distress,-0.126,0.539
203,anger,0.122,0.499
203,lost,-0.327,0.315
204,broken,-0.368,0.308
204,scarf,-0.207,-0.383
204,down,-0.398,0.084
205,keen,0.487,-0.070
205,exhausted,-0.440,0.207
205,cried,-0.290,0.308
206,advantage,0.490,-0.253
206,rest,-0.101,-0.532
206,savage,0.134,0.516
207,dead,-0.467,0.279
207,glad,0.516,-0.127
207,grow,0.446,-0.209
208,lose,-0.408,0.291
208,sleep,-0.203,-0.448
208,king,0.463,0.020
209,inspired,0.500,-0.189
209,goddess,0.491,-0.206
209,sleeping,-0.230,-0.437
210,famous,0.615,-0.095
210,disorder,-0.245,0.484
210,mother,0.333,-0.366
211,proud,0.568,-0.140
211,father,0.310,-0.327
211,good,0.180,-0.406
212,great,0.531,-0.204
212,blessed,0.240,-0.440
212,sunshine,0.289,-0.407
213,dream,-0.117,-0.493
213,dirty,-0.431,0.209
213,council,0.179,-0.418
214,clean,0.005,-0.464
214,shirt,-0.246,-0.371
214,wedding,0.434,-0.057
215,strong,0.608,-0.112
215,love,0.383,-0.341
215,down,-0.398,0.084
216,water,-0.076,-0.488
216,whip,0.052,0.487
216,clothes,-0.006,-0.403
217,dirt,-0.384,0.269
217,feed,0.294,-0.264
217,sea,0.160,-0.338
218,wild,0.289,0.438
218,sun,0.271,-0.334
218,sport,0.391,-0.120
219,wonder,0.540,-0.119
219,noise,-0.018,0.433
219,handsome,0.374,-0.205
220,savage,0.134,0.516
220,cruel,-0.092,0.521
220,kind,0.169,-0.476
221,great,0.531,-0.204
221,strength,0.496,-0.078
221,homestead,0.074,-0.455
222,fear,-0.200,0.534
222,courage,0.526,-0.067
222,end,-0.369,0.106
223,happy,0.558,-0.188
223,proud,0.568,-0.140
223,queen,0.539,-0.124
224,troubles,-0.222,0.559
224,admiration,0.437,-0.272
224,lost,-0.327,0.315
225,shoot,0.091,0.594
225,suffering,-0.326,0.487
225,distress,-0.126,0.539
226,evil,-0.040,0.560
226,peaceful,0.045,-0.533
226,pity,-0.497,0.159
227,rich,0.544,-0.171
227,prosperity,0.516,-0.217
227,poor,-0.538,0.133
228,murderer,0.084,0.678
228,power,0.518,-0.022
228,harm,-0.183,0.429
229,thankful,0.314,-0.438
229,kind,0.169,-0.476
229,down,-0.398,0.084
230,little,-0.428,-0.163
230,shirt,-0.246,-0.371
230,good,0.180,-0.406
231,glorified,0.494,-0.199
231,grow,0.446,-0.209
231,clothes,-0.006,-0.403
232,handsome,0.374,-0.205
232,live,0.399,-0.148
232,studied,0.271,-0.327
233,future,0.469,-0.169
233,food,0.129,-0.401
233,heaven,0.214,-0.361
234,excellent,0.543,-0.264
234,father,0.310,-0.327
234,sure,0.214,-0.308
235,lie,-0.242,0.413
235,middle,-0.330,-0.214
235,earth,0.075,-0.365
236,afraid,-0.297,0.533
236,low,-0.526,-0.059
236,scandal,0.006,0.497
237,rest,-0.101,-0.532
237,life,0.497,-0.209
237,love,0.383,-0.341
238,rich,0.544,-0.171
238,mother,0.333,-0.366
238,spite,-0.294,0.365
239,difficulty,-0.191,0.464
239,wait,-0.467,-0.040
239,fine,0.143,-0.406
240,gain,0.507,-0.191
240,hope,0.298,-0.425
240,immortal,0.488,-0.041
241,mighty,0.653,-0.006
241,whip,0.052,0.487
241,sacred,0.368,-0.311
242,furious,0.069,0.633
242,pity,-0.497,0.159
242,palace,0.413,-0.254
243,chosen,0.398,-0.285
243,king,0.463,0.020
243,prize,0.440,-0.090
244,proud,0.568,-0.140
244,rude,-0.136,0.535
244,kind,0.169,-0.476
245,distress,-0.126,0.539
245,unfortunate,-0.440,0.287
245,father,0.310,-0.327
246,great,0.531,-0.204
246,goddess,0.491,-0.206
246,admired,0.464,-0.247
247,afraid,-0.297,0.533
247,queen,0.539,-0.124
247,family,0.281,-0.413
248,life,0.497,-0.209
248,ruined,-0.373,0.295
248,lost,-0.327,0.315
249,gain,0.507,-0.191
249,respected,0.430,-0.321
249,hope,0.298,-0.425
250,gold,0.446,-0.181
250,blue,-0.252,-0.365
250,sun,0.271,-0.334
251,skill,0.510,-0.098
251,abundance,0.501,-0.080
251,grow,0.446,-0.209
252,rich,0.544,-0.171
252,table,-0.289,-0.274
252,grain,-0.342,-0.137
253,intelligent,0.493,-0.258
253,rot,-0.350,0.371
253,growth,0.449,-0.229
254,excellent,0.543,-0.264
254,fruit,-0.039,-0.439
254,grapes,-0.174,-0.396
255,water,-0.076,-0.488
255,king,0.463,0.020
255,court,0.355,0.215
256,happiness,0.593,-0.158
256,prosper,0.538,-0.208
256,great,0.531,-0.204
257,hero,0.641,-0.091
257,peace,0.136,-0.550
257,honesty,0.340,-0.368
258,thunder,0.116,0.435
258,protection,0.314,-0.235
258,sitting,-0.245,-0.294
259,clean,0.005,-0.464
259,good,0.180,-0.406
259,cup,-0.297,-0.324
260,drunk,-0.190,0.417
260,home,0.099,-0.413
260,sacrificial,-0.063,0.392
261,worse,-0.320,0.446
261,inconvenience,-0.289,0.422
261,trouble,-0.068,0.476
262,savage,0.134,0.516
262,immortal,0.488,-0.041
262,stumble,-0.244,0.390
263,empty,-0.610,-0.011
263,sorrow,-0.593,0.127
263,distress,-0.126,0.539
264,greatness,0.684,-0.163
264,die,-0.281,0.512
264,approved,0.237,-0.336
265,shirt,-0.246,-0.371
265,heaven,0.214,-0.361
265,clothes,-0.006,-0.403
266,powerful,0.695,-0.016
266,fortune,0.592,-0.133
266,brave,0.589,-0.054
267,great,0.531,-0.204
267,goddess,0.491,-0.206
267,grow,0.446,-0.209
268,glad,0.516,-0.127
268,abundance,0.501,-0.080
268,good,0.180,-0.406
269,fury,0.088,0.583
269,storm,0.086,0.531
269,terribly,-0.159,0.474
270,sick,-0.494,0.223
270,water,-0.076,-0.488
270,sleep,-0.203,-0.448
271,excellent,0.543,-0.264
271,truth,0.321,-0.402
271,plenty,0.451,-0.145
272,afraid,-0.297,0.533
272,irritable,-0.005,0.591
272,angry,0.045,0.505
273,smooth,-0.176,-0.500
273,marry,0.449,-0.096
273,home,0.099,-0.413
274,magnificent,0.614,-0.221
274,win,0.586,-0.159
274,distressing,-0.183,0.474
275,bed,-0.230,-0.308
275,wear,-0.333,0.036
275,ready,0.188,-0.266
276,queen,0.539,-0.124
276,rest,-0.101,-0.532
276,book,0.088,-0.414
277,immortal,0.488,-0.041
277,king,0.463,0.020
277,god,0.416,-0.158
278,impress,0.560,-0.044
278,skill,0.510,-0.098
278,challenge,0.340,0.322
279,feast,0.476,-0.184
279,speeding,0.269,0.332
279,complain,-0.192,0.378
280,entertaining,0.357,-0.125
280,sea,0.160,-0.338
280,may,-0.192,-0.315
281,great,0.531,-0.204
281,twisted,-0.238,0.465
281,water,-0.076,-0.488
282,famous,0.615,-0.095
282,divine,0.521,-0.237
282,evil,-0.040,0.560
283,quarrel,0.009,0.576
283,inspired,0.500,-0.189
283,glad,0.516,-0.127
284,weeping,-0.359,0.418
284,ashamed,-0.326,0.298
284,cup,-0.297,-0.324
285,distress,-0.126,0.539
285,athletic,0.471,-0.044
285,delighted,0.430,-0.196
286,excellent,0.543,-0.264
286,boxers,0.231,0.359
286,crowd,0.249,0.344
287,forward,0.325,-0.320
287,dust,-0.387,-0.073
287,plain,-0.296,-0.238
288,powerfully,0.598,-0.083
288,prodigious,0.560,-0.137
288,painful,-0.232,0.485
289,strong,0.608,-0.112
289,skilled,0.557,-0.182
289,hope,0.298,-0.425
290,sorrow,-0.593,0.127
290,life,0.497,-0.209
290,water,-0.076,-0.488
291,shame,-0.388,0.421
291,true,0.367,-0.319
291,delight,0.409,-0.204
292,weak,-0.612,0.034
292,leader,0.513,-0.166
292,angry,0.045,0.505
293,battle,0.412,0.420
293,great,0.531,-0.204
293,strength,0.496,-0.078
294,blind,-0.467,0.139
294,easy,-0.056,-0.480
294,beneath,-0.422,-0.131
295,glad,0.516,-0.127
295,wrestle,0.322,0.361
295,bout,0.131,0.431
296,kind,0.169,-0.476
296,family,0.281,-0.413
296,athletic,0.471,-0.044
297,mighty,0.653,-0.006
297,excellent,0.543,-0.264
297,shoot,0.091,0.594
298,afraid,-0.297,0.533
298,peace,0.136,-0.550
298,low,-0.526,-0.059
299,hope,0.298,-0.425
299,prowess,0.461,-0.089
299,propriety,0.268,-0.377
300,extremely,0.503,0.144
300,good,0.180,-0.406
300,friends,0.309,-0.298
301,merry,0.540,-0.176
301,smooth,-0.176,-0.500
301,chosen,0.398,-0.285
302,great,0.531,-0.204
302,dreadful,-0.177,0.486
302,angry,0.045,0.505
303,love,0.383,-0.341
303,blind,-0.467,0.139
303,subtle,-0.252,-0.392
304,rest,-0.101,-0.532
304,couch,-0.372,-0.369
304,gone,-0.457,-0.049
305,furious,0.069,0.633
305,disgraceful,-0.300,0.430
305,passion,0.516,0.005
306,sleep,-0.203,-0.448
306,lie,-0.242,0.413
306,asleep,-0.306,-0.361
307,strong,0.608,-0.112
307,weak,-0.612,0.034
307,prosper,0.538,-0.208
308,burst,0.267,0.535
308,damages,-0.222,0.473
308,immortal,0.488,-0.041
309,reasonable,0.286,-0.393
309,security,0.333,-0.326
309,undertake,0.428,-0.064
310,charmed,0.446,-0.257
310,burnt,-0.211,0.443
310,enchanting,0.445,-0.168
311,great,0.531,-0.204
311,clouds,-0.156,-0.388
311,down,-0.398,0.084
312,talent,0.505,-0.245
312,gold,0.446,-0.181
312,delighted,0.430,-0.196
313,rude,-0.136,0.535
313,king,0.463,0.020
313,satisfaction,0.409,-0.216
314,happiness,0.593,-0.158
314,worth,0.471,-0.246
314,safe,0.293,-0.410
315,queen,0.539,-0.124
315,hope,0.298,-0.425
315,clean,0.005,-0.464
316,enjoy,0.517,-0.166
316,rest,-0.101,-0.532
316,life,0.497,-0.209
317,magnificent,0.614,-0.221
317,fear,-0.200,0.534
317,water,-0.076,-0.488
318,glad,0.516,-0.127
318,rob,-0.031,0.515
318,asleep,-0.306,-0.361
319,admired,0.464,-0.247
319,lovely,0.361,-0.322
319,shirt,-0.246,-0.371
320,mighty,0.653,-0.006
320,angel,0.186,-0.521
320,company,0.382,-0.333
321,pain,-0.192,0.531
321,respected,0.430,-0.321
321,pleased,0.455,-0.272
322,fort,0.483,-0.068
322,adventures,0.462,-0.033
322,admire,0.422,-0.124
323,inspired,0.500,-0.189
323,fortress,0.471,-0.210
323,council,0.179,-0.418
324,destruction,0.088,0.588
324,doomed,-0.251,0.499
324,death,-0.149,0.490
325,victorious,0.698,0.007
325,furiously,0.098,0.616
325,raging,0.135,0.502
326,sorrow,-0.593,0.127
326,slavery,-0.292,0.507
326,weep,-0.408,0.392
327,great,0.531,-0.204
327,enjoy,0.517,-0.166
327,trouble,-0.068,0.476
328,rich,0.544,-0.171
328,poor,-0.538,0.133
328,mother,0.333,-0.366
329,cloud,-0.170,-0.433
329,mist,-0.410,-0.132
329,purpose,0.370,-0.181
330,danger,0.136,0.577
330,threat,0.113,0.523
330,angry,0.045,0.505
331,brave,0.589,-0.054
331,savage,0.134,0.516
331,unhappy,-0.443,0.266
332,divine,0.521,-0.237
332,merry,0.540,-0.176
332,king,0.463,0.020
333,respect,0.325,-0.405
333,sad,-0.471,0.069
333,cup,-0.297,-0.324
334,fame,0.574,-0.096
334,lie,-0.242,0.413
334,sunset,-0.088,-0.465
335,splendid,0.536,-0.108
335,goddess,0.491,-0.206
335,love,0.383,-0.341
336,killing,0.152,0.629
336,great,0.531,-0.204
336,sheep,-0.334,-0.292
337,war,0.113,0.626
337,battle,0.412,0.420
337,skilled,0.557,-0.182
338,sorrow,-0.593,0.127
338,poor,-0.538,0.133
338,glad,0.516,-0.127
339,hurricane,0.266,0.562
339,suffering,-0.326,0.487
339,fear,-0.200,0.534
340,kind,0.169,-0.476
340,flower,-0.176,-0.443
340,live,0.399,-0.148
341,hurt,-0.239,0.496
341,company,0.382,-0.333
341,water,-0.076,-0.488
342,distress,-0.126,0.539
342,rest,-0.101,-0.532
342,home,0.099,-0.413
343,wild,0.289,0.438
343,family,0.281,-0.413
343,grow,0.446,-0.209
344,suffer,-0.187,0.575
344,disturbed,-0.151,0.518
344,hardship,-0.084,0.482
345,good,0.180,-0.406
345,grapes,-0.174,-0.396
345,down,-0.398,0.084
346,god,0.416,-0.158
346,mist,-0.410,-0.132
346,clouds,-0.156,-0.388
347,admired,0.464,-0.247
347,dawn,0.050,-0.418
347,close,-0.390,-0.025
348,excellent,0.543,-0.264
348,shoot,0.091,0.594
348,plenty,0.451,-0.145
349,brave,0.589,-0.054
349,council,0.179,-0.418
349,exploit,0.203,0.403
350,monster,0.094,0.569
350,great,0.531,-0.204
350,sheep,-0.334,-0.292
351,life,0.497,-0.209
351,horrid,-0.155,0.503
351,sky,0.029,-0.519
352,respected,0.430,-0.321
352,water,-0.076,-0.488
352,gold,0.446,-0.181
353,savage,0.134,0.516
353,respect,0.325,-0.405
353,strength,0.496,-0.078
354,steal,-0.048,0.593
354,down,-0.398,0.084
354,milk,-0.077,-0.395
355,poor,-0.538,0.133
355,ill,-0.473,0.234
355,hope,0.298,-0.425
356,strong,0.608,-0.112
356,fear,-0.200,0.534
356,end,-0.369,0.106
357,monstrous,0.117,0.605
357,frightened,-0.199,0.459
357,loud,0.376,0.066
358,killing,0.152,0.629
358,wrath,0.000,0.617
358,stress,-0.131,0.465
359,distress,-0.126,0.539
359,anger,0.122,0.499
359,respectable,0.384,-0.340
360,wretch,-0.330,0.437
360,cruel,-0.092,0.521
360,death,-0.149,0.490
361,horrid,-0.155,0.503
361,heaven,0.214,-0.361
361,earth,0.075,-0.365
362,monster,0.094,0.569
362,sleep,-0.203,-0.448
362,neat,0.055,-0.456
363,clapping,0.484,0.046
363,utmost,0.483,0.022
363,sheep,-0.334,-0.292
364,glory,0.565,-0.149
364,great,0.531,-0.204
364,revenge,0.168,0.504
365,dung,-0.428,0.305
365,venture,0.448,-0.065
365,fine,0.143,-0.406
366,chosen,0.398,-0.285
366,asleep,-0.306,-0.361
366,god,0.416,-0.158
367,kind,0.169,-0.476
367,down,-0.398,0.084
367,may,-0.192,-0.315
368,hope,0.298,-0.425
368,delighted,0.430,-0.196
368,ashamed,-0.326,0.298
369,glad,0.516,-0.127
369,grapes,-0.174,-0.396
369,sun,0.271,-0.334
370,wretch,-0.330,0.437
370,sick,-0.494,0.223
370,cruel,-0.092,0.521
371,courage,0.526,-0.067
371,glowing,0.448,-0.225
371,encouraged,0.436,-0.182
372,boring,-0.559,0.010
372,water,-0.076,-0.488
372,burning,-0.075,0.371
373,rage,0.091,0.577
373,great,0.531,-0.204
373,pain,-0.192,0.531
374,kill,0.158,0.638
374,killing,0.152,0.629
374,ill,-0.473,0.234
375,success,0.758,-0.050
375,agony,-0.154,0.487
375,foolish,-0.492,-0.052
376,danger,0.136,0.577
376,monster,0.094,0.569
376,life,0.497,-0.209
377,fear,-0.200,0.534
377,wait,-0.467,-0.040
377,sheep,-0.334,-0.292
378,spite,-0.294,0.365
378,good,0.180,-0.406
378,underneath,-0.385,-0.140
379,wretch,-0.330,0.437
379,horrid,-0.155,0.503
379,wicked,0.055,0.474
380,death,-0.149,0.490
380,greatly,0.497,-0.021
380,harm,-0.183,0.429
381,crying,-0.287,0.379
381,grey,-0.397,-0.146
381,sin,-0.097,0.378
382,furious,0.069,0.633
382,little,-0.428,-0.163
382,punished,-0.062,0.395
383,savage,0.134,0.516
383,provoke,0.248,0.410
383,mad,-0.123,0.451
384,valiant,0.599,-0.089
384,rage,0.091,0.577
384,warrior,0.453,0.298
385,excellent,0.543,-0.264
385,insignificant,-0.580,0.152
385,brave,0.589,-0.054
386,killing,0.152,0.629
386,great,0.531,-0.204
386,forward,0.325,-0.320
387,prodigious,0.560,-0.137
387,losing,-0.323,0.423
387,sore,-0.330,0.385
388,rest,-0.101,-0.532
388,sheep,-0.334,-0.292
388,lamenting,-0.402,0.163
389,destroy,0.079,0.634
389,sacrifice,0.038,0.442
389,sun,0.271,-0.334
390,sorrow,-0.593,0.127
390,glad,0.516,-0.127
390,death,-0.149,0.490
391,enjoying,0.514,-0.106
391,luxury,0.479,-0.183
391,kind,0.169,-0.476
392,difficulty,-0.191,0.464
392,pleasure,0.465,-0.144
392,captain,0.436,0.088
393,dead,-0.467,0.279
393,sleep,-0.203,-0.448
393,alone,-0.448,-0.121
394,empty,-0.610,-0.011
394,bless,0.167,-0.466
394,gold,0.446,-0.181
395,evil,-0.040,0.560
395,weeping,-0.359,0.418
395,storm,0.086,0.531
396,great,0.531,-0.204
396,fierce,0.258,0.429
396,family,0.281,-0.413
397,wise,0.330,-0.430
397,cruel,-0.092,0.521
397,ruined,-0.373,0.295
398,sadly,-0.548,0.147
398,earn,0.540,-0.065
398,stronghold,0.497,-0.037
399,calm,-0.162,-0.556
399,close,-0.390,-0.025
399,end,-0.369,0.106
400,company,0.382,-0.333
400,water,-0.076,-0.488
400,daughter,0.130,-0.356
401,killing,0.152,0.629
401,horrified,-0.141,0.592
401,kind,0.169,-0.476
402,horrid,-0.155,0.503
402,death,-0.149,0.490
402,mere,-0.420,-0.131
403,rest,-0.101,-0.532
403,thankful,0.314,-0.438
403,goddess,0.491,-0.206
404,safe,0.293,-0.410
404,god,0.416,-0.158
404,sun,0.271,-0.334
405,pity,-0.497,0.159
405,pasture,-0.315,-0.395
405,fine,0.143,-0.406
406,life,0.497,-0.209
406,twisted,-0.238,0.465
406,clean,0.005,-0.464
407,die,-0.281,0.512
407,starve,-0.174,0.463
407,big,0.418,-0.144
408,splendid,0.536,-0.108
408,admired,0.464,-0.247
408,council,0.179,-0.418
409,great,0.531,-0.204
409,low,-0.526,-0.059
409,difficulties,-0.176,0.492
410,savage,0.134,0.516
410,company,0.382,-0.333
410,crying,-0.287,0.379
411,wild,0.289,0.438
411,attack,0.230,0.471
411,frightened,-0.199,0.459
412,dazzling,0.551,0.017
412,goddess,0.491,-0.206
412,soft,-0.218,-0.421
413,evil,-0.040,0.560
413,mess,-0.178,0.485
413,drugged,-0.208,0.453
414,sob,-0.410,0.252
414,sad,-0.471,0.069
414,remembered,0.191,-0.412
415,suspect,-0.057,0.438
415,fine,0.143,-0.406
415,down,-0.398,0.084
416,treachery,-0.067,0.527
416,force,0.468,0.109
416,know,0.213,-0.279
417,charmed,0.446,-0.257
417,alive,0.390,-0.124
417,may,-0.192,-0.315
418,poor,-0.538,0.133
418,rest,-0.101,-0.532
418,unhappy,-0.443,0.266
419,great,0.531,-0.204
419,virtue,0.406,-0.312
419,kind,0.169,-0.476
420,kill,0.158,0.638
420,blessed,0.240,-0.440
420,frightened,-0.199,0.459
421,flower,-0.176,-0.443
421,mortal,-0.008,0.417
421,clouded,-0.410,-0.018
422,goddess,0.491,-0.206
422,mess,-0.178,0.485
422,charming,0.475,-0.180
423,power,0.518,-0.022
423,scream,0.086,0.480
423,drugs,-0.142,0.408
424,hero,0.641,-0.091
424,learn,0.472,-0.128
424,trust,0.390,-0.238
425,holy,0.107,-0.485
425,harm,-0.183,0.429
425,completed,0.293,-0.320
426,water,-0.076,-0.488
426,gold,0.446,-0.181
426,good,0.180,-0.406
427,clean,0.005,-0.464
427,shirt,-0.246,-0.371
427,upper,0.400,-0.138
428,great,0.531,-0.204
428,hurt,-0.239,0.496
428,dumb,-0.489,0.094
429,friends,0.309,-0.298
429,court,0.355,0.215
429,may,-0.192,-0.315
430,joy,0.606,-0.111
430,noble,0.208,-0.396
430,bad,-0.219,0.352
431,weeping,-0.359,0.418
431,glad,0.516,-0.127
431,homestead,0.074,-0.455
432,safe,0.293,-0.410
432,affectionate,0.222,-0.376
432,home,0.099,-0.413
433,poor,-0.538,0.133
433,abundance,0.501,-0.080
433,ruin,-0.368,0.319
434,rest,-0.101,-0.532
434,frightened,-0.199,0.459
434,keen,0.487,-0.070
435,palace,0.413,-0.254
435,crying,-0.287,0.379
435,cried,-0.290,0.308
436,strong,0.608,-0.112
436,cruel,-0.092,0.521
436,ill,-0.473,0.234
437,sun,0.271,-0.334
437,down,-0.398,0.084
437,day,-0.082,-0.322
438,goddess,0.491,-0.206
438,sleep,-0.203,-0.448
438,homeward,0.011,-0.399
439,tired,-0.498,0.132
439,death,-0.149,0.490
439,blind,-0.467,0.139
440,raise,0.472,-0.140
440,fertile,0.297,-0.335
440,fruit,-0.039,-0.439
441,dead,-0.467,0.279
441,white,-0.100,-0.394
441,milk,-0.077,-0.395
442,feeble,-0.559,0.080
442,poor,-0.538,0.133
442,barren,-0.426,0.137
443,burnt,-0.211,0.443
443,sheep,-0.334,-0.292
443,sacrifice,0.038,0.442
444,sleeping,-0.230,-0.437
444,lie,-0.242,0.413
444,shirt,-0.246,-0.371
445,rest,-0.101,-0.532
445,courage,0.526,-0.067
445,youth,0.440,-0.232
446,weeping,-0.359,0.418
446,crying,-0.287,0.379
446,brokenhearted,-0.335,0.324
447,great,0.531,-0.204
447,distress,-0.126,0.539
447,goddess,0.491,-0.206
448,mist,-0.410,-0.132
448,sun,0.271,-0.334
448,live,0.399,-0.148
449,water,-0.076,-0.488
449,melancholy,-0.460,0.049
449,heavens,0.176,-0.370
450,dead,-0.467,0.279
450,promising,0.427,-0.161
450,good,0.180,-0.406
451,brave,0.589,-0.054
451,battle,0.412,0.420
451,fear,-0.200,0.534
452,poor,-0.538,0.133
452,gloom,-0.448,0.185
452,beneath,-0.422,-0.131
453,hope,0.298,-0.425
453,asleep,-0.306,-0.361
453,father,0.310,-0.327
454,unlucky,-0.481,0.224
454,anger,0.122,0.499
454,plant,-0.132,-0.392
455,sorrow,-0.593,0.127
455,mother,0.333,-0.366
455,sad,-0.471,0.069
456,noble,0.208,-0.396
456,down,-0.398,0.084
456,prophecy,0.396,-0.036
457,suffering,-0.326,0.487
457,sheep,-0.334,-0.292
457,sun,0.271,-0.334
458,destruction,0.088,0.588
458,losing,-0.323,0.423
458,revenge,0.168,0.504
459,food,0.129,-0.401
459,sea,0.160,-0.338
459,know,0.213,-0.279
460,peace,0.136,-0.550
460,life,0.497,-0.209
460,death,-0.149,0.490
461,reasonable,0.286,-0.393
461,sitting,-0.245,-0.294
461,talk,0.160,-0.343
462,great,0.531,-0.204
462,terrible,0.023,0.563
462,good,0.180,-0.406
463,die,-0.281,0.512
463,illness,-0.306,0.428
463,true,0.367,-0.319
464,mother,0.333,-0.366
464,easy,-0.056,-0.480
464,eternity,0.439,-0.160
465,distress,-0.126,0.539
465,comfortable,0.032,-0.542
465,father,0.310,-0.327
466,kill,0.158,0.638
466,wise,0.330,-0.430
466,force,0.468,0.109
467,poor,-0.538,0.133
467,dream,-0.117,-0.493
467,sad,-0.471,0.069
468,dead,-0.467,0.279
468,mocking,-0.163,0.474
468,grief,-0.166,0.406
469,famous,0.615,-0.095
469,keen,0.487,-0.070
469,end,-0.369,0.106
470,lover,0.522,-0.047
470,love,0.383,-0.341
470,god,0.416,-0.158
471,great,0.531,-0.204
471,accomplished,0.409,-0.241
471,good,0.180,-0.406
472,mighty,0.653,-0.006
472,strong,0.608,-0.112
472,warrior,0.453,0.298
473,avenging,0.161,0.529
473,awful,-0.118,0.513
473,mother,0.333,-0.366
474,queen,0.539,-0.124
474,lovely,0.361,-0.322
474,king,0.463,0.020
475,excellent,0.543,-0.264
475,liberty,0.499,-0.248
475,boxer,0.362,0.234
476,war,0.113,0.626
476,threatened,-0.124,0.613
476,die,-0.281,0.512
477,enjoy,0.517,-0.166
477,heaven,0.214,-0.361
477,hair,-0.264,-0.285
478,hateful,-0.112,0.527
478,gold,0.446,-0.181
478,bed,-0.230,-0.308
479,hero,0.641,-0.091
479,abundance,0.501,-0.080
479,blessed,0.240,-0.440
480,reasonable,0.286,-0.393
480,reign,0.454,-0.159
480,live,0.399,-0.148
481,advantage,0.490,-0.253
481,respected,0.430,-0.321
481,beloved,0.438,-0.253
482,mighty,0.653,-0.006
482,true,0.367,-0.319
482,perished,-0.335,0.318
483,divine,0.521,-0.237
483,treachery,-0.067,0.527
483,fighting,0.285,0.428
484,sadly,-0.548,0.147
484,weeping,-0.359,0.418
484,death,-0.149,0.490
485,slaughter,0.067,0.641
485,storm,0.086,0.531
485,wicked,0.055,0.474
486,kill,0.158,0.638
486,great,0.531,-0.204
486,slut,-0.205,0.514
487,murderess,-0.045,0.634
487,crime,0.092,0.621
487,cruel,-0.092,0.521
488,murder,0.076,0.627
488,excellent,0.543,-0.264
488,admirable,0.529,-0.226
489,happiness,0.593,-0.158
489,steal,-0.048,0.593
489,happily,0.466,-0.223
490,dead,-0.467,0.279
490,living,0.398,-0.180
490,trusting,0.362,-0.242
491,champion,0.698,-0.001
491,foremost,0.456,-0.088
491,venture,0.448,-0.065
492,fortunate,0.522,-0.199
492,prince,0.444,-0.290
492,trouble,-0.068,0.476
493,poor,-0.538,0.133
493,respect,0.325,-0.405
493,strength,0.496,-0.078
494,violence,0.147,0.625
494,war,0.113,0.626
494,short,-0.461,0.055
495,kill,0.158,0.638
495,hero,0.641,-0.091
495,valiant,0.599,-0.089
496,settle,0.372,-0.215
496,pale,-0.409,-0.019
496,close,-0.390,-0.025
497,fortune,0.592,-0.133
497,fury,0.088,0.583
497,rage,0.091,0.577
498,life,0.497,-0.209
498,angry,0.045,0.505
498,prowess,0.461,-0.089
499,proud,0.568,-0.140
499,hateful,-0.112,0.527
499,death,-0.149,0.490
500,dead,-0.467,0.279
500,learn,0.472,-0.128
500,spite,-0.294,0.365
501,great,0.531,-0.204
501,wild,0.289,0.438
501,dreadful,-0.177,0.486
502,prodigious,0.560,-0.137
502,poor,-0.538,0.133
502,water,-0.076,-0.488
503,mighty,0.653,-0.006
503,immortal,0.488,-0.041
503,rose,-0.008,-0.423
504,war,0.113,0.626
504,marvellous,0.588,-0.046
504,battle,0.412,0.420
505,leading,0.584,-0.078
505,suffering,-0.326,0.487
505,low,-0.526,-0.059
506,panic,-0.081,0.614
506,appalling,-0.075,0.468
506,gone,-0.457,-0.049
507,monster,0.094,0.569
507,awful,-0.118,0.513
507,sun,0.271,-0.334
508,sleep,-0.203,-0.448
508,ashes,-0.451,-0.042
508,dawn,0.050,-0.418
509,died,-0.292,0.443
509,alive,0.390,-0.124
509,down,-0.398,0.084
510,rest,-0.101,-0.532
510,feast,0.476,-0.184
510,sea,0.160,-0.338
511,adventures,0.462,-0.033
511,good,0.180,-0.406
511,home,0.099,-0.413
512,great,0.531,-0.204
512,dead,-0.467,0.279
512,death,-0.149,0.490
513,fury,0.088,0.583
513,terrific,0.483,-0.143
513,blessed,0.240,-0.440
514,famous,0.615,-0.095
514,father,0.310,-0.327
514,wreckage,-0.399,0.194
515,smooth,-0.176,-0.500
515,love,0.383,-0.341
515,cloud,-0.170,-0.433
516,monster,0.094,0.569
516,prodigious,0.560,-0.137
516,dreadful,-0.177,0.486
517,losing,-0.323,0.423
517,lie,-0.242,0.413
517,together,0.249,-0.338
518,vomit,-0.406,0.343
518,lose,-0.408,0.291
518,sucks,-0.248,0.396
519,invincible,0.651,-0.005
519,beaten,-0.213,0.530
519,rude,-0.136,0.535
520,sheep,-0.334,-0.292
520,luck,0.328,-0.254
520,bad,-0.219,0.352
521,destruction,0.088,0.588
521,mother,0.333,-0.366
521,hardship,-0.084,0.482
522,great,0.531,-0.204
522,dead,-0.467,0.279
522,goddess,0.491,-0.206
523,die,-0.281,0.512
523,alone,-0.448,-0.121
523,friends,0.309,-0.298
524,calm,-0.162,-0.556
524,water,-0.076,-0.488
524,lash,0.087,0.399
525,strong,0.608,-0.112
525,soft,-0.218,-0.421
525,small,-0.395,-0.250
526,charmed,0.446,-0.257
526,enchanting,0.445,-0.168
526,good,0.180,-0.406
527,frightened,-0.199,0.459
527,loud,0.376,0.066
527,free,0.229,-0.285
528,danger,0.136,0.577
528,wise,0.330,-0.430
528,courage,0.526,-0.067
529,monster,0.094,0.569
529,awful,-0.118,0.513
529,death,-0.149,0.490
530,fear,-0.200,0.534
530,harm,-0.183,0.429
530,gloomy,-0.393,0.213
531,great,0.531,-0.204
531,dread,-0.129,0.447
531,mud,-0.426,-0.058
532,poor,-0.538,0.133
532,despairing,-0.255,0.462
532,deceive,-0.133,0.480
533,terrible,0.023,0.563
533,agony,-0.154,0.487
533,sickening,-0.330,0.379
534,blessed,0.240,-0.440
534,blind,-0.467,0.139
534,remembered,0.191,-0.412
535,strong,0.608,-0.112
535,cruel,-0.092,0.521
535,despair,-0.236,0.470
536,damage,-0.182,0.471
536,flying,0.380,-0.191
536,heaven,0.214,-0.361
537,kill,0.158,0.638
537,water,-0.076,-0.488
537,satisfied,0.367,-0.317
538,hurricane,0.266,0.562
538,weeping,-0.359,0.418
538,sleep,-0.203,-0.448
539,mighty,0.653,-0.006
539,suffer,-0.187,0.575
539,council,0.179,-0.418
540,hungry,-0.295,0.422
540,gone,-0.457,-0.049
540,starving,-0.205,0.354
541,evil,-0.040,0.560
541,poor,-0.538,0.133
541,kind,0.169,-0.476
542,revenge,0.168,0.504
542,starved,-0.314,0.410
542,death,-0.149,0.490
543,little,-0.428,-0.163
543,sacrifice,0.038,0.442
543,fat,-0.411,0.106
544,rest,-0.101,-0.532
544,cruel,-0.092,0.521
544,immortal,0.488,-0.041
545,killing,0.152,0.629
545,vengeance,0.165,0.591
545,rage,0.091,0.577
546,dead,-0.467,0.279
546,shining,0.500,-0.146
546,mankind,0.341,-0.242
547,fury,0.088,0.583
547,low,-0.526,-0.059
547,noise,-0.018,0.433
548,sky,0.029,-0.519
548,terrific,0.483,-0.143
548,squall,0.117,0.460
549,life,0.497,-0.209
549,water,-0.076,-0.488
549,god,0.416,-0.158
550,terrible,0.023,0.563
550,frightened,-0.199,0.459
550,force,0.468,0.109
551,plant,-0.132,-0.392
551,tree,-0.140,-0.389
551,down,-0.398,0.084
552,glad,0.516,-0.127
552,lost,-0.327,0.315
552,father,0.310,-0.327
553,powerful,0.695,-0.016
553,great,0.531,-0.204
553,peace,0.136,-0.550
554,gold,0.446,-0.181
554,general,0.414,-0.237
554,acceptance,0.248,-0.377
555,handsome,0.374,-0.205
555,home,0.099,-0.413
555,dawn,0.050,-0.418
556,excellent,0.543,-0.264
556,inspired,0.500,-0.189
556,sun,0.271,-0.334
557,admirable,0.529,-0.226
557,king,0.463,0.020
557,satisfaction,0.409,-0.216
558,evil,-0.040,0.560
558,blessed,0.240,-0.440
558,live,0.399,-0.148
559,strong,0.608,-0.112
559,happy,0.558,-0.188
559,queen,0.539,-0.124
560,water,-0.076,-0.488
560,sleep,-0.203,-0.448
560,down,-0.398,0.084
561,peacefully,0.152,-0.498
561,sleeping,-0.230,-0.437
561,whip,0.052,0.487
562,battle,0.412,0.420
562,rage,0.091,0.577
562,bright,0.433,-0.250
563,great,0.531,-0.204
563,sacred,0.368,-0.311
563,fine,0.143,-0.406
564,asleep,-0.306,-0.361
564,together,0.249,-0.338
564,sheet,-0.330,-0.189
565,threatened,-0.124,0.613
565,steal,-0.048,0.593
565,fear,-0.200,0.534
566,earthquake,0.219,0.619
566,magnificent,0.614,-0.221
566,gold,0.446,-0.181
567,monstrous,0.117,0.605
567,displease,-0.297,0.477
567,rest,-0.101,-0.532
568,future,0.469,-0.169
568,bury,-0.288,0.348
568,good,0.180,-0.406
569,bless,0.167,-0.466
569,down,-0.398,0.084
569,prophecy,0.396,-0.036
570,angry,0.045,0.505
570,true,0.367,-0.319
570,father,0.310,-0.327
571,afraid,-0.297,0.533
571,king,0.463,0.020
571,pray,0.020,-0.406
572,treasure,0.489,-0.232
572,savage,0.134,0.516
572,revenge,0.168,0.504
573,great,0.531,-0.204
573,truth,0.321,-0.402
573,gone,-0.457,-0.049
574,goods,0.307,-0.343
574,grieving,-0.190,0.410
574,wrong,-0.203,0.387
575,glad,0.516,-0.127
575,protect,0.474,-0.074
575,god,0.416,-0.158
576,celebrated,0.468,-0.129
576,simple,-0.235,-0.374
576,bad,-0.219,0.352
577,water,-0.076,-0.488
577,grow,0.446,-0.209
577,lying,-0.180,0.344
578,danger,0.136,0.577
578,battle,0.412,0.420
578,treasures,0.560,-0.064
579,satisfied,0.367,-0.317
579,spoil,-0.194,0.402
579,giving,0.129,-0.325
580,distress,-0.126,0.539
580,tired,-0.498,0.132
580,badly,-0.363,0.306
581,stately,0.573,-0.064
581,wise,0.330,-0.430
581,deceit,-0.259,0.476
582,troubles,-0.222,0.559
582,great,0.531,-0.204
582,treasure,0.489,-0.232
583,goddess,0.491,-0.206
583,fighting,0.285,0.428
583,kind,0.169,-0.476
584,evil,-0.040,0.560
584,sick,-0.494,0.223
584,truth,0.321,-0.402
585,gone,-0.457,-0.049
585,home,0.099,-0.413
585,wife,0.314,-0.186
586,quarrel,0.009,0.576
586,peace,0.136,-0.550
586,lose,-0.408,0.291
587,sacred,0.368,-0.311
587,mist,-0.410,-0.132
587,tree,-0.140,-0.389
588,life,0.497,-0.209
588,safe,0.293,-0.410
588,gold,0.446,-0.181
589,destruction,0.088,0.588
589,hope,0.298,-0.425
589,wicked,0.055,0.474
590,avenge,0.005,0.564
590,courage,0.526,-0.067
590,fight,0.415,0.244
591,loathing,-0.162,0.500
591,fine,0.143,-0.406
591,hair,-0.264,-0.285
592,water,-0.076,-0.488
592,devoted,0.240,-0.381
592,spring,0.092,-0.334
593,abundance,0.501,-0.080
593,kind,0.169,-0.476
593,difficulty,-0.191,0.464
594,kill,0.158,0.638
594,succeed,0.642,-0.114
594,withered,-0.501,0.068
595,goddess,0.491,-0.206
595,twisted,-0.238,0.465
595,book,0.088,-0.414
596,absence,-0.469,0.058
596,spacious,0.166,-0.365
596,sitting,-0.245,-0.294
597,strong,0.608,-0.112
597,fierce,0.258,0.429
597,lie,-0.242,0.413
598,furious,0.069,0.633
598,good,0.180,-0.406
598,sacrifice,0.038,0.442
599,trouble,-0.068,0.476
599,worries,-0.216,0.411
599,short,-0.461,0.055
600,great,0.531,-0.204
600,pleased,0.455,-0.272
600,sleep,-0.203,-0.448
601,fear,-0.200,0.534
601,rest,-0.101,-0.532
601,insult,-0.129,0.524
602,destroyed,-0.293,0.465
602,death,-0.149,0.490
602,gone,-0.457,-0.049
603,fight,0.415,0.244
603,king,0.463,0.020
603,noble,0.208,-0.396
604,shame,-0.388,0.421
604,shameful,-0.314,0.447
604,respect,0.325,-0.405
605,rich,0.544,-0.171
605,waste,-0.453,0.325
605,dead,-0.467,0.279
606,excellent,0.543,-0.264
606,sheep,-0.334,-0.292
606,feed,0.294,-0.264
607,powerful,0.695,-0.016
607,revenge,0.168,0.504
607,satisfied,0.367,-0.317
608,truth,0.321,-0.402
608,able,0.367,-0.194
608,may,-0.192,-0.315
609,crying,-0.287,0.379
609,lost,-0.327,0.315
609,shirt,-0.246,-0.371
610,loss,-0.395,0.351
610,mother,0.333,-0.366
610,father,0.310,-0.327
611,hell,0.008,0.638
611,positive,0.490,-0.310
611,great,0.531,-0.204
612,vengeance,0.165,0.591
612,peace,0.136,-0.550
612,ill,-0.473,0.234
613,worse,-0.320,0.446
613,unhappy,-0.443,0.266
613,terribly,-0.159,0.474
614,hope,0.298,-0.425
614,protect,0.474,-0.074
614,wait,-0.467,-0.040
615,pleased,0.455,-0.272
615,easily,0.052,-0.433
615,heaven,0.214,-0.361
616,prosperity,0.516,-0.217
616,wealth,0.502,-0.149
616,death,-0.149,0.490
617,war,0.113,0.626
617,battle,0.412,0.420
617,rich,0.544,-0.171
618,life,0.497,-0.209
618,fighting,0.285,0.428
618,delight,0.409,-0.204
619,terrible,0.023,0.563
619,evil,-0.040,0.560
619,happily,0.466,-0.223
620,feast,0.476,-0.184
620,sacrifice,0.038,0.442
620,fine,0.143,-0.406
621,killing,0.152,0.629
621,alarm,0.197,0.459
621,sickness,-0.258,0.425
622,panic,-0.081,0.614
622,sorrow,-0.593,0.127
622,rest,-0.101,-0.532
623,kill,0.158,0.638
623,wrath,0.000,0.617
623,fury,0.088,0.583
624,gone,-0.457,-0.049
624,rascal,-0.106,0.379
624,end,-0.369,0.106
625,destruction,0.088,0.588
625,sky,0.029,-0.519
625,slave,-0.276,0.426
626,great,0.531,-0.204
626,water,-0.076,-0.488
626,god,0.416,-0.158
627,dead,-0.467,0.279
627,treasure,0.489,-0.232
627,gold,0.446,-0.181
628,family,0.281,-0.413
628,learn,0.472,-0.128
628,absence,-0.469,0.058
629,misery,-0.482,0.157
629,king,0.463,0.020
629,shirt,-0.246,-0.371
630,strong,0.608,-0.112
630,angry,0.045,0.505
630,down,-0.398,0.084
631,die,-0.281,0.512
631,poor,-0.538,0.133
631,extremely,0.503,0.144
632,storm,0.086,0.531
632,fighting,0.285,0.428
632,detest,-0.070,0.508
633,damaged,-0.363,0.366
633,kind,0.169,-0.476
633,property,0.207,-0.353
634,unfortunate,-0.440,0.287
634,wealth,0.502,-0.149
634,respect,0.325,-0.405
635,good,0.180,-0.406
635,home,0.099,-0.413
635,precipice,-0.090,0.410
636,kill,0.158,0.638
636,hope,0.298,-0.425
636,tremendous,0.433,0.207
637,trouble,-0.068,0.476
637,sacrifice,0.038,0.442
637,fruit,-0.039,-0.439
638,rest,-0.101,-0.532
638,small,-0.395,-0.250
638,fat,-0.411,0.106
639,pleased,0.455,-0.272
639,especial,0.337,-0.280
639,down,-0.398,0.084
640,enjoy,0.517,-0.166
640,burnt,-0.211,0.443
640,immortal,0.488,-0.041
641,strong,0.608,-0.112
641,stormy,0.045,0.514
641,money,0.459,-0.160
642,excellent,0.543,-0.264
642,wise,0.330,-0.430
642,fall,-0.288,0.330
643,unspoken,-0.487,0.056
643,command,0.355,0.268
643,beneath,-0.422,-0.131
644,death,-0.149,0.490
644,gone,-0.457,-0.049
644,shirt,-0.246,-0.371
645,valiant,0.599,-0.089
645,fooled,-0.319,0.446
645,hit,0.203,0.496
646,brave,0.589,-0.054
646,respect,0.325,-0.405
646,good,0.180,-0.406
647,distress,-0.126,0.539
647,satisfactory,0.408,-0.276
647,home,0.099,-0.413
648,great,0.531,-0.204
648,glad,0.516,-0.127
648,sleeping,-0.230,-0.437
649,rest,-0.101,-0.532
649,attack,0.230,0.471
649,overhanging,0.446,0.046
650,dangerous,0.086,0.658
650,unhappy,-0.443,0.266
650,mother,0.333,-0.366
651,dead,-0.467,0.279
651,hope,0.298,-0.425
651,respectable,0.384,-0.340
652,kill,0.158,0.638
652,succeed,0.642,-0.114
652,wait,-0.467,-0.040
653,safe,0.293,-0.410
653,fair,0.286,-0.180
653,get,0.285,-0.102
654,kindness,0.152,-0.420
654,shirt,-0.246,-0.371
654,bed,-0.230,-0.308
655,rude,-0.136,0.535
655,bad,-0.219,0.352
655,cloak,-0.285,-0.200
656,journey,0.391,-0.152
656,proper,0.243,-0.333
656,speed,0.390,0.089
657,empty,-0.610,-0.011
657,fear,-0.200,0.534
657,valuable,0.437,-0.243
658,treasures,0.560,-0.064
658,lovely,0.361,-0.322
658,alone,-0.448,-0.121
659,mighty,0.653,-0.006
659,precious,0.371,-0.292
659,home,0.099,-0.413
660,gold,0.446,-0.181
660,king,0.463,0.020
660,cup,-0.297,-0.324
661,admired,0.464,-0.247
661,mother,0.333,-0.366
661,water,-0.076,-0.488
662,clean,0.005,-0.464
662,good,0.180,-0.406
662,upper,0.400,-0.138
663,fighting,0.285,0.428
663,kind,0.169,-0.476
663,father,0.310,-0.327
664,great,0.531,-0.204
664,glad,0.516,-0.127
664,kindness,0.152,-0.420
665,comfort,0.175,-0.441
665,hearts,0.364,-0.255
665,heaven,0.214,-0.361
666,god,0.416,-0.158
666,sun,0.271,-0.334
666,darkness,-0.209,0.355
667,hope,0.298,-0.425
667,forward,0.325,-0.320
667,friends,0.309,-0.298
668,warmth,0.170,-0.402
668,home,0.099,-0.413
668,together,0.249,-0.338
669,angry,0.045,0.505
669,order,0.269,-0.330
669,down,-0.398,0.084
670,powerful,0.695,-0.016
670,rich,0.544,-0.171
670,king,0.463,0.020
671,sorrow,-0.593,0.127
671,distress,-0.126,0.539
671,life,0.497,-0.209
672,famous,0.615,-0.095
672,greatest,0.539,-0.145
672,gold,0.446,-0.181
673,dead,-0.467,0.279
673,truth,0.321,-0.402
673,father,0.310,-0.327
674,great,0.531,-0.204
674,miserable,-0.463,0.277
674,end,-0.369,0.106
675,kill,0.158,0.638
675,doomed,-0.251,0.499
675,power,0.518,-0.022
676,strong,0.608,-0.112
676,twisted,-0.238,0.465
676,fresh,0.045,-0.442
677,death,-0.149,0.490
677,prisoner,-0.279,0.408
677,flying,0.380,-0.191
678,trouble,-0.068,0.476
678,good,0.180,-0.406
678,show,0.374,0.071
679,excellent,0.543,-0.264
679,blessing,0.318,-0.460
679,queen,0.539,-0.124
680,poor,-0.538,0.133
680,disturbed,-0.151,0.518
680,clean,0.005,-0.464
681,worse,-0.320,0.446
681,low,-0.526,-0.059
681,hope,0.298,-0.425
682,dead,-0.467,0.279
682,peacefully,0.152,-0.498
682,terribly,-0.159,0.474
683,sorrow,-0.593,0.127
683,unhappy,-0.443,0.266
683,grieved,-0.440,0.246
684,prosper,0.538,-0.208
684,splendid,0.536,-0.108
684,pleased,0.455,-0.272
685,kind,0.169,-0.476
685,wicked,0.055,0.474
685,little,-0.428,-0.163
686,comfortable,0.032,-0.542
686,mother,0.333,-0.366
686,sleeping,-0.230,-0.437
687,pleasure,0.465,-0.144
687,gone,-0.457,-0.049
687,breakfast,0.059,-0.399
688,pasture,-0.315,-0.395
688,sickness,-0.258,0.425
688,grow,0.446,-0.209
689,excellent,0.543,-0.264
689,great,0.531,-0.204
689,nature,0.130,-0.470
690,wealth,0.502,-0.149
690,alive,0.390,-0.124
690,daughter,0.130,-0.356
691,fear,-0.200,0.534
691,harm,-0.183,0.429
691,suspect,-0.057,0.438
692,money,0.459,-0.160
692,gold,0.446,-0.181
692,good,0.180,-0.406
693,precious,0.371,-0.292
693,quietly,-0.278,-0.310
693,admiring,0.313,-0.206
694,father,0.310,-0.327
694,sun,0.271,-0.334
694,darkness,-0.209,0.355
695,sorrowful,-0.506,0.258
695,water,-0.076,-0.488
695,alone,-0.448,-0.121
696,evil,-0.040,0.560
696,life,0.497,-0.209
696,pity,-0.497,0.159
697,sleep,-0.203,-0.448
697,little,-0.428,-0.163
697,down,-0.398,0.084
698,mother,0.333,-0.366
698,trouble,-0.068,0.476
698,friend,0.213,-0.351
699,comfortable,0.032,-0.542
699,hospitality,0.265,-0.369
699,upper,0.400,-0.138
700,marriage,0.440,-0.111
700,god,0.416,-0.158
700,heaven,0.214,-0.361
701,powerful,0.695,-0.016
701,congratulate,0.525,-0.142
701,good,0.180,-0.406
702,entertain,0.367,-0.171
702,lack,-0.376,0.077
702,may,-0.192,-0.315
703,excellent,0.543,-0.264
703,homestead,0.074,-0.455
703,devoted,0.240,-0.381
704,master,0.344,-0.132
704,words,-0.051,-0.349
704,fell,-0.321,0.140
705,joy,0.606,-0.111
705,dead,-0.467,0.279
705,hardship,-0.084,0.482
706,learn,0.472,-0.128
706,home,0.099,-0.413
706,down,-0.398,0.084
707,weep,-0.408,0.392
707,grieving,-0.190,0.410
707,easily,0.052,-0.433
708,friend,0.213,-0.351
708,day,-0.082,-0.322
708,bowls,-0.241,-0.198
709,great,0.531,-0.204
709,truth,0.321,-0.402
709,distressed,-0.176,0.437
710,strong,0.608,-0.112
710,respect,0.325,-0.405
710,mother,0.333,-0.366
711,valiant,0.599,-0.089
711,ill,-0.473,0.234
711,greatly,0.497,-0.021
712,quarrel,0.009,0.576
712,insolent,-0.229,0.386
712,god,0.416,-0.158
713,die,-0.281,0.512
713,disgraceful,-0.300,0.430
713,fighting,0.285,0.428
714,enmity,-0.189,0.431
714,complain,-0.192,0.378
714,support,0.313,-0.234
715,safe,0.293,-0.410
715,marry,0.449,-0.096
715,havoc,-0.014,0.431
716,sorrow,-0.593,0.127
716,poor,-0.538,0.133
716,spite,-0.294,0.365
717,weeping,-0.359,0.418
717,wasting,-0.475,0.255
717,pity,-0.497,0.159
718,stately,0.573,-0.064
718,wise,0.330,-0.430
718,feet,-0.270,-0.195
719,destruction,0.088,0.588
719,scared,-0.248,0.469
719,noble,0.208,-0.396
720,fear,-0.200,0.534
720,clean,0.005,-0.464
720,shirt,-0.246,-0.371
721,suffer,-0.187,0.575
721,gold,0.446,-0.181
721,father,0.310,-0.327
722,hopes,0.354,-0.293
722,god,0.416,-0.158
722,heaven,0.214,-0.361
723,wonder,0.540,-0.119
723,goddess,0.491,-0.206
723,hardship,-0.084,0.482
724,rich,0.544,-0.171
724,weep,-0.408,0.392
724,easy,-0.056,-0.480
725,great,0.531,-0.204
725,truth,0.321,-0.402
725,asleep,-0.306,-0.361
726,killing,0.152,0.629
726,learn,0.472,-0.128
726,fight,0.415,0.244
727,brave,0.589,-0.054
727,revenge,0.168,0.504
727,chosen,0.398,-0.285
728,power,0.518,-0.022
728,good,0.180,-0.406
728,willing,0.400,-0.187
729,miserable,-0.463,0.277
729,ill,-0.473,0.234
729,gently,-0.011,-0.476
730,strong,0.608,-0.112
730,afraid,-0.297,0.533
730,quarrel,0.009,0.576
731,quiet,-0.093,-0.486
731,snatch,0.171,0.460
731,harm,-0.183,0.429
732,alone,-0.448,-0.121
732,exploit,0.203,0.403
732,father,0.310,-0.327
733,wasting,-0.475,0.255
733,disloyal,-0.364,0.362
733,support,0.313,-0.234
734,queen,0.539,-0.124
734,unhappy,-0.443,0.266
734,gone,-0.457,-0.049
735,great,0.531,-0.204
735,angry,0.045,0.505
735,council,0.179,-0.418
736,water,-0.076,-0.488
736,god,0.416,-0.158
736,together,0.249,-0.338
737,destruction,0.088,0.588
737,good,0.180,-0.406
737,sun,0.271,-0.334
738,killing,0.152,0.629
738,hope,0.298,-0.425
738,lose,-0.408,0.291
739,kill,0.158,0.638
739,furious,0.069,0.633
739,hurt,-0.239,0.496
740,win,0.586,-0.159
740,peace,0.136,-0.550
740,foremost,0.456,-0.088
741,natural,-0.020,-0.520
741,heinous,-0.064,0.465
741,noble,0.208,-0.396
742,pleased,0.455,-0.272
742,insolent,-0.229,0.386
742,rose,-0.008,-0.423
743,enraged,0.111,0.626
743,fear,-0.200,0.534
743,madman,-0.136,0.518
744,infuriated,-0.000,0.606
744,queen,0.539,-0.124
744,trouble,-0.068,0.476
745,death,-0.149,0.490
745,quiet,-0.093,-0.486
745,friend,0.213,-0.351
746,sleep,-0.203,-0.448
746,clothes,-0.006,-0.403
746,evening,-0.303,-0.194
747,mother,0.333,-0.366
747,gone,-0.457,-0.049
747,home,0.099,-0.413
748,rest,-0.101,-0.532
748,satisfied,0.367,-0.317
748,father,0.310,-0.327
749,strong,0.608,-0.112
749,boon,0.192,-0.409
749,book,0.088,-0.414
750,worse,-0.320,0.446
750,unfortunate,-0.440,0.287
750,angry,0.045,0.505
751,revenge,0.168,0.504
751,perished,-0.335,0.318
751,little,-0.428,-0.163
752,burst,0.267,0.535
752,crying,-0.287,0.379
752,beautiful,0.348,-0.186
753,cried,-0.290,0.308
753,scold,0.061,0.403
753,sufficient,0.148,-0.354
754,alone,-0.448,-0.121
754,words,-0.051,-0.349
754,dress,-0.078,-0.333
755,divine,0.521,-0.237
755,malice,-0.070,0.523
755,hearts,0.364,-0.255
756,kill,0.158,0.638
756,property,0.207,-0.353
756,may,-0.192,-0.315
757,couch,-0.372,-0.369
757,water,-0.076,-0.488
757,clean,0.005,-0.464
758,lie,-0.242,0.413
758,sad,-0.471,0.069
758,good,0.180,-0.406
759,wisdom,0.388,-0.432
759,dead,-0.467,0.279
759,truth,0.321,-0.402
760,suffer,-0.187,0.575
760,brave,0.589,-0.054
760,doomed,-0.251,0.499
761,deceive,-0.133,0.480
761,prisoner,-0.279,0.408
761,cheered,0.467,-0.157
762,safe,0.293,-0.410
762,king,0.463,0.020
762,home,0.099,-0.413
763,evil,-0.040,0.560
763,congratulate,0.525,-0.142
763,true,0.367,-0.319
764,insolence,-0.152,0.434
764,sheep,-0.334,-0.292
764,bad,-0.219,0.352
765,fat,-0.411,0.106
765,master,0.344,-0.132
765,today,-0.040,-0.361
766,scolding,-0.115,0.536
766,scold,0.061,0.403
766,thing,-0.332,-0.165
767,tramp,-0.421,0.277
767,water,-0.076,-0.488
767,broken,-0.368,0.308
768,outrageous,0.194,0.567
768,sacrifice,0.038,0.442
768,down,-0.398,0.084
769,poor,-0.538,0.133
769,sick,-0.494,0.223
769,miserable,-0.463,0.277
770,pleased,0.455,-0.272
770,kind,0.169,-0.476
770,clean,0.005,-0.464
771,kill,0.158,0.638
771,cried,-0.290,0.308
771,heaven,0.214,-0.361
772,insulting,-0.104,0.524
772,ill,-0.473,0.234
772,ruin,-0.368,0.319
773,dead,-0.467,0.279
773,forward,0.325,-0.320
773,home,0.099,-0.413
774,force,0.468,0.109
774,good,0.180,-0.406
774,fine,0.143,-0.406
775,wait,-0.467,-0.040
775,may,-0.192,-0.315
775,leaving,-0.241,0.267
776,war,0.113,0.626
776,beaten,-0.213,0.530
776,rest,-0.101,-0.532
777,dung,-0.428,0.305
777,wild,0.289,0.438
777,asleep,-0.306,-0.361
778,great,0.531,-0.204
778,splendid,0.536,-0.108
778,noble,0.208,-0.396
779,evil,-0.040,0.560
779,died,-0.292,0.443
779,gone,-0.457,-0.049
780,goodness,0.303,-0.453
780,slave,-0.276,0.426
780,lying,-0.180,0.344
781,leading,0.584,-0.078
781,poor,-0.538,0.133
781,miserable,-0.463,0.277
782,happiness,0.593,-0.158
782,dirty,-0.431,0.209
782,beggar,-0.454,0.104
783,kind,0.169,-0.476
783,good,0.180,-0.406
783,bad,-0.219,0.352
784,abuse,-0.058,0.566
784,idiot,-0.454,0.329
784,precious,0.371,-0.292
785,waste,-0.453,0.325
785,small,-0.395,-0.250
785,pester,-0.127,0.446
786,worse,-0.320,0.446
786,alive,0.390,-0.124
786,worry,-0.164,0.365
787,mother,0.333,-0.366
787,heaven,0.214,-0.361
787,grudge,-0.184,0.376
788,foremost,0.456,-0.088
788,table,-0.289,-0.274
788,rested,-0.009,-0.395
789,rich,0.544,-0.171
789,wealthy,0.506,-0.248
789,pleased,0.455,-0.272
790,killing,0.152,0.629
790,alarm,0.197,0.459
790,vantage,0.391,-0.070
791,panic,-0.081,0.614
791,great,0.531,-0.204
791,rest,-0.101,-0.532
792,poor,-0.538,0.133
792,abundance,0.501,-0.080
792,easy,-0.056,-0.480
793,hit,0.203,0.496
793,revenge,0.168,0.504
793,angry,0.045,0.505
794,pain,-0.192,0.531
794,queen,0.539,-0.124
794,avenging,0.161,0.529
795,worse,-0.320,0.446
795,wretch,-0.330,0.437
795,ill,-0.473,0.234
796,furious,0.069,0.633
796,beggar,-0.454,0.104
796,father,0.310,-0.327
797,hate,-0.140,0.544
797,unfortunate,-0.440,0.287
797,death,-0.149,0.490
798,unhappy,-0.443,0.266
798,charmed,0.446,-0.257
798,quiet,-0.093,-0.486
799,wealth,0.502,-0.149
799,friendship,0.293,-0.431
799,misfortune,-0.205,0.479
800,pleasure,0.465,-0.144
800,protect,0.474,-0.074
800,sheep,-0.334,-0.292
801,truth,0.321,-0.402
801,satisfied,0.367,-0.317
801,heart,0.302,-0.228
802,great,0.531,-0.204
802,mother,0.333,-0.366
802,shirt,-0.246,-0.371
803,afraid,-0.297,0.533
803,hurt,-0.239,0.496
803,cruel,-0.092,0.521
804,shy,-0.542,-0.096
804,reasonable,0.286,-0.393
804,clothes,-0.006,-0.403
805,fool,-0.395,0.272
805,wait,-0.467,-0.040
805,abominable,-0.092,0.433
806,danger,0.136,0.577
806,ill,-0.473,0.234
806,sacrifice,0.038,0.442
807,rest,-0.101,-0.532
807,tramp,-0.421,0.277
807,fight,0.415,0.244
808,insult,-0.129,0.524
808,strength,0.496,-0.078
808,drunkard,-0.132,0.434
809,jealous,-0.105,0.475
809,force,0.468,0.109
809,harm,-0.183,0.429
810,peace,0.136,-0.550
810,fighting,0.285,0.428
810,angry,0.045,0.505
811,smooth,-0.176,-0.500
811,heartily,0.346,-0.281
811,heaven,0.214,-0.361
812,victorious,0.698,0.007
812,beggar,-0.454,0.104
812,fat,-0.411,0.106
813,victory,0.642,-0.136
813,afraid,-0.297,0.533
813,suffering,-0.326,0.487
814,mighty,0.653,-0.006
814,understanding,0.225,-0.391
814,stalwart,0.260,-0.266
815,fright,-0.234,0.438
815,tremble,-0.061,0.489
815,broken,-0.368,0.308
816,frightened,-0.199,0.459
816,fight,0.415,0.244
816,king,0.463,0.020
817,fear,-0.200,0.534
817,hit,0.203,0.496
817,died,-0.292,0.443
818,worse,-0.320,0.446
818,dirty,-0.431,0.209
818,torn,-0.325,0.249
819,great,0.531,-0.204
819,tramp,-0.421,0.277
819,badly,-0.363,0.306
820,brave,0.589,-0.054
820,wealthy,0.506,-0.248
820,hope,0.298,-0.425
821,almighty,0.728,-0.040
821,confidence,0.442,-0.467
821,sorrow,-0.593,0.127
822,glory,0.565,-0.149
822,wasting,-0.475,0.255
822,gold,0.446,-0.181
823,win,0.586,-0.159
823,destruction,0.088,0.588
823,evil,-0.040,0.560
824,detest,-0.070,0.508
824,true,0.367,-0.319
824,grieve,-0.309,0.266
825,alone,-0.448,-0.121
825,live,0.399,-0.148
825,heaven,0.214,-0.361
826,goddess,0.491,-0.206
826,couch,-0.372,-0.369
826,loveliness,0.414,-0.315
827,die,-0.281,0.512
827,waste,-0.453,0.325
827,loss,-0.395,0.351
828,fear,-0.200,0.534
828,bed,-0.230,-0.308
828,roof,-0.195,-0.269
829,injury,-0.250,0.503
829,disturbance,-0.051,0.532
829,propriety,0.268,-0.377
830,perfect,0.493,-0.351
830,mother,0.333,-0.366
830,fight,0.415,0.244
831,queen,0.539,-0.124
831,drunken,-0.186,0.479
831,strength,0.496,-0.078
832,admirable,0.529,-0.226
832,respected,0.430,-0.321
832,understanding,0.225,-0.391
833,excellent,0.543,-0.264
833,fighting,0.285,0.428
833,safe,0.293,-0.410
834,happiness,0.593,-0.158
834,hope,0.298,-0.425
834,detest,-0.070,0.508
835,magnificent,0.614,-0.221
835,win,0.586,-0.159
835,glad,0.516,-0.127
836,lovely,0.361,-0.322
836,exquisitely,0.444,-0.086
836,daughter,0.130,-0.356
837,brilliant,0.560,-0.248
837,kind,0.169,-0.476
837,gold,0.446,-0.181
838,absent,-0.572,0.025
838,great,0.531,-0.204
838,wool,-0.247,-0.320
839,poor,-0.538,0.133
839,wretch,-0.330,0.437
839,love,0.383,-0.341
840,tramp,-0.421,0.277
840,bleeding,-0.097,0.479
840,lost,-0.327,0.315
841,scared,-0.248,0.469
841,insolence,-0.152,0.434
841,laugh,0.368,-0.248
842,queen,0.539,-0.124
842,gone,-0.457,-0.049
842,plant,-0.132,-0.392
843,good,0.180,-0.406
843,dawn,0.050,-0.418
843,bad,-0.219,0.352
844,war,0.113,0.626
844,cruel,-0.092,0.521
844,strength,0.496,-0.078
845,furious,0.069,0.633
845,cried,-0.290,0.308
845,daring,0.356,0.183
846,afraid,-0.297,0.533
846,hit,0.203,0.496
846,disturbance,-0.051,0.532
847,violence,0.147,0.625
847,evil,-0.040,0.560
847,reasonable,0.286,-0.393
848,rest,-0.101,-0.532
848,pleased,0.455,-0.272
848,blessed,0.240,-0.440
849,kill,0.158,0.638
849,dream,-0.117,-0.493
849,drunk,-0.190,0.417
850,quarrel,0.009,0.576
850,soiled,-0.390,0.293
850,harm,-0.183,0.429
851,gone,-0.457,-0.049
851,father,0.310,-0.327
851,management,0.362,-0.204
852,marvel,0.616,-0.142
852,brilliant,0.560,-0.248
852,great,0.531,-0.204
853,peace,0.136,-0.550
853,mother,0.333,-0.366
853,god,0.416,-0.158
854,able,0.367,-0.194
854,down,-0.398,0.084
854,fire,0.183,0.302
855,wretch,-0.330,0.437
855,wicked,0.055,0.474
855,plague,-0.267,0.362
856,rich,0.544,-0.171
856,angry,0.045,0.505
856,tramp,-0.421,0.277
857,wealthy,0.506,-0.248
857,dead,-0.467,0.279
857,pleased,0.455,-0.272
858,sorrow,-0.593,0.127
858,smart,0.559,-0.202
858,woman,0.238,-0.261
859,valiant,0.599,-0.089
859,fame,0.574,-0.096
859,righteousness,0.514,-0.091
860,weeping,-0.359,0.418
860,increase,0.509,-0.100
860,family,0.281,-0.413
861,respected,0.430,-0.321
861,oppressed,-0.297,0.362
861,heaven,0.214,-0.361
862,skilled,0.557,-0.182
862,great,0.531,-0.204
862,wasting,-0.475,0.255
863,hero,0.641,-0.091
863,skill,0.510,-0.098
863,death,-0.149,0.490
864,fooled,-0.319,0.446
864,betrayed,-0.199,0.451
864,accomplished,0.409,-0.241
865,excellent,0.543,-0.264
865,blessed,0.240,-0.440
865,mother,0.333,-0.366
866,brave,0.589,-0.054
866,pained,-0.374,0.270
866,noble,0.208,-0.396
867,hospitality,0.265,-0.369
867,father,0.310,-0.327
867,leaving,-0.241,0.267
868,raging,0.135,0.502
868,abundance,0.501,-0.080
868,kind,0.169,-0.476
869,strong,0.608,-0.112
869,god,0.416,-0.158
869,hearts,0.364,-0.255
870,weeping,-0.359,0.418
870,water,-0.076,-0.488
870,relieved,0.029,-0.419
871,gold,0.446,-0.181
871,gone,-0.457,-0.049
871,home,0.099,-0.413
872,admiration,0.437,-0.272
872,soft,-0.218,-0.421
872,shirt,-0.246,-0.371
873,friends,0.309,-0.298
873,down,-0.398,0.084
873,clothes,-0.006,-0.403
874,pity,-0.497,0.159
874,little,-0.428,-0.163
874,relief,0.051,-0.403
875,loss,-0.395,0.351
875,ill,-0.473,0.234
875,grieving,-0.190,0.410
876,perfect,0.493,-0.351
876,worse,-0.320,0.446
876,treasure,0.489,-0.232
877,angry,0.045,0.505
877,safe,0.293,-0.410
877,lost,-0.327,0.315
878,wealth,0.502,-0.149
878,king,0.463,0.020
878,living,0.398,-0.180
879,family,0.281,-0.413
879,learn,0.472,-0.128
879,absence,-0.469,0.058
880,congratulate,0.525,-0.142
880,true,0.367,-0.319
880,good,0.180,-0.406
881,couch,-0.372,-0.369
881,quiet,-0.093,-0.486
881,home,0.099,-0.413
882,superior,0.562,-0.063
882,goodness,0.303,-0.453
882,dead,-0.467,0.279
883,blessed,0.240,-0.440
883,sleeping,-0.230,-0.437
883,lie,-0.242,0.413
884,admirable,0.529,-0.226
884,feeble,-0.559,0.080
884,poor,-0.538,0.133
885,weep,-0.408,0.392
885,trouble,-0.068,0.476
885,dreadfully,-0.121,0.386
886,wonder,0.540,-0.119
886,grow,0.446,-0.209
886,palace,0.413,-0.254
887,wonderfully,0.590,-0.146
887,distress,-0.126,0.539
887,lively,0.424,-0.031
888,truth,0.321,-0.402
888,water,-0.076,-0.488
888,plenty,0.451,-0.145
889,excellent,0.543,-0.264
889,thief,-0.061,0.563
889,wild,0.289,0.438
890,anger,0.122,0.499
890,family,0.281,-0.413
890,greatly,0.497,-0.021
891,sun,0.271,-0.334
891,shook,-0.038,0.423
891,smaller,-0.423,0.000
892,slow,-0.542,-0.207
892,sleep,-0.203,-0.448
892,satisfied,0.367,-0.317
893,beast,0.159,0.410
893,noise,-0.018,0.433
893,underneath,-0.385,-0.140
894,life,0.497,-0.209
894,hit,0.203,0.496
894,raise,0.472,-0.140
895,hurt,-0.239,0.496
895,splendid,0.536,-0.108
895,mother,0.333,-0.366
896,joy,0.606,-0.111
896,grief,-0.166,0.406
896,dear,0.251,-0.315
897,ruin,-0.368,0.319
897,unable,-0.425,0.225
897,close,-0.390,-0.025
898,killing,0.152,0.629
898,home,0.099,-0.413
898,heaven,0.214,-0.361
899,able,0.367,-0.194
899,heart,0.302,-0.228
899,house,-0.107,-0.313
900,sorrow,-0.593,0.127
900,water,-0.076,-0.488
900,spite,-0.294,0.365
901,weeping,-0.359,0.418
901,cruel,-0.092,0.521
901,mishap,-0.338,0.405
902,greatness,0.684,-0.163
902,magnificent,0.614,-0.221
902,regard,0.296,-0.318
903,great,0.531,-0.204
903,dead,-0.467,0.279
903,sky,0.029,-0.519
904,courage,0.526,-0.067
904,disgraceful,-0.300,0.430
904,dream,-0.117,-0.493
905,death,-0.149,0.490
905,true,0.367,-0.319
905,fulfilled,0.315,-0.293
906,thankful,0.314,-0.438
906,dawn,0.050,-0.418
906,court,0.355,0.215
907,shoot,0.091,0.594
907,wealth,0.502,-0.149
907,easily,0.052,-0.433
908,couch,-0.372,-0.369
908,sleep,-0.203,-0.448
908,desire,0.395,-0.148
909,disaster,-0.069,0.570
909,hateful,-0.112,0.527
909,alone,-0.448,-0.121
910,kill,0.158,0.638
910,angry,0.045,0.505
910,growls,-0.145,0.389
911,brave,0.589,-0.054
911,terrible,0.023,0.563
911,evil,-0.040,0.560
912,poor,-0.538,0.133
912,unhappy,-0.443,0.266
912,safe,0.293,-0.410
913,succeed,0.642,-0.114
913,killing,0.152,0.629
913,proud,0.568,-0.140
914,troubles,-0.222,0.559
914,shame,-0.388,0.421
914,worse,-0.320,0.446
915,admirable,0.529,-0.226
915,great,0.531,-0.204
915,slay,0.079,0.559
916,accomplishment,0.581,-0.151
916,kind,0.169,-0.476
916,mother,0.333,-0.366
917,storm,0.086,0.531
917,sleep,-0.203,-0.448
917,sad,-0.471,0.069
918,weeping,-0.359,0.418
918,ill,-0.473,0.234
918,truth,0.321,-0.402
919,father,0.310,-0.327
919,home,0.099,-0.413
919,heaven,0.214,-0.361
920,strong,0.608,-0.112
920,rest,-0.101,-0.532
920,life,0.497,-0.209
921,poor,-0.538,0.133
921,sky,0.029,-0.519
921,hope,0.298,-0.425
922,avenge,0.005,0.564
922,glad,0.516,-0.127
922,thunder,0.116,0.435
923,comfortable,0.032,-0.542
923,good,0.180,-0.406
923,fault,-0.356,0.252
924,wretched,-0.378,0.292
924,alone,-0.448,-0.121
924,court,0.355,0.215
925,feast,0.476,-0.184
925,water,-0.076,-0.488
925,clean,0.005,-0.464
926,shame,-0.388,0.421
926,wickedness,-0.166,0.493
926,insolent,-0.229,0.386
927,pester,-0.127,0.446
927,understanding,0.225,-0.391
927,decency,0.095,-0.358
928,great,0.531,-0.204
928,secure,0.413,-0.314
928,family,0.281,-0.413
929,sorrow,-0.593,0.127
929,poorly,-0.373,0.376
929,misery,-0.482,0.157
930,fear,-0.200,0.534
930,dead,-0.467,0.279
930,living,0.398,-0.180
931,wrath,0.000,0.617
931,heaven,0.214,-0.361
931,bad,-0.219,0.352
932,killing,0.152,0.629
932,poor,-0.538,0.133
932,flying,0.380,-0.191
933,succeed,0.642,-0.114
933,murder,0.076,0.627
933,utmost,0.483,0.022
934,little,-0.428,-0.163
934,good,0.180,-0.406
934,sheep,-0.334,-0.292
935,gold,0.446,-0.181
935,boldness,0.467,-0.081
935,cup,-0.297,-0.324
936,brave,0.589,-0.054
936,threatening,0.075,0.575
936,holy,0.107,-0.485
937,great,0.531,-0.204
937,wealth,0.502,-0.149
937,reasonable,0.286,-0.393
938,hit,0.203,0.496
938,smiling,0.415,-0.219
938,thing,-0.332,-0.165
939,evil,-0.040,0.560
939,knowledge,0.426,-0.282
939,father,0.310,-0.327
940,kill,0.158,0.638
940,violence,0.147,0.625
940,die,-0.281,0.512
941,suffering,-0.326,0.487
941,mother,0.333,-0.366
941,commend,0.447,-0.151
942,peace,0.136,-0.550
942,unhappy,-0.443,0.266
942,inheritance,0.446,-0.232
943,drip,-0.436,-0.147
943,hearts,0.364,-0.255
943,fall,-0.288,0.330
944,hell,0.008,0.638
944,gloom,-0.448,0.185
944,lost,-0.327,0.315
945,happy,0.558,-0.188
945,insulting,-0.104,0.524
945,ill,-0.473,0.234
946,rich,0.544,-0.171
946,useless,-0.527,0.202
946,wise,0.330,-0.430
947,brave,0.589,-0.054
947,goddess,0.491,-0.206
947,gruesome,-0.060,0.525
948,destruction,0.088,0.588
948,treasures,0.560,-0.064
948,skill,0.510,-0.098
949,mission,0.463,-0.084
949,gone,-0.457,-0.049
949,father,0.310,-0.327
950,mighty,0.653,-0.006
950,vengeance,0.165,0.591
950,shame,-0.388,0.421
951,friendship,0.293,-0.431
951,death,-0.149,0.490
951,home,0.099,-0.413
952,shoot,0.091,0.594
952,noise,-0.018,0.433
952,clothes,-0.006,-0.403
953,weeping,-0.359,0.418
953,deadly,0.028,0.501
953,relieved,0.029,-0.419
954,absent,-0.572,0.025
954,owner,0.417,-0.217
954,marry,0.449,-0.096
955,wealth,0.502,-0.149
955,crying,-0.287,0.379
955,silly,-0.375,-0.035
956,loss,-0.395,0.351
956,cry,-0.299,0.343
956,silence,-0.375,-0.174
957,excellent,0.543,-0.264
957,great,0.531,-0.204
957,enjoying,0.514,-0.106
958,suffer,-0.187,0.575
958,mother,0.333,-0.366
958,forward,0.325,-0.320
959,win,0.586,-0.159
959,kind,0.169,-0.476
959,orderly,0.163,-0.421
960,feeble,-0.559,0.080
960,strength,0.496,-0.078
960,prowess,0.461,-0.089
961,rest,-0.101,-0.532
961,able,0.367,-0.194
961,down,-0.398,0.084
962,weak,-0.612,0.034
962,evil,-0.040,0.560
962,tired,-0.498,0.132
963,die,-0.281,0.512
963,life,0.497,-0.209
963,marry,0.449,-0.096
964,monstrous,0.117,0.605
964,angry,0.045,0.505
964,true,0.367,-0.319
965,sheep,-0.334,-0.292
965,lard,-0.393,-0.141
965,court,0.355,0.215
966,strong,0.608,-0.112
966,foremost,0.456,-0.088
966,together,0.249,-0.338
967,fight,0.415,0.244
967,father,0.310,-0.327
967,god,0.416,-0.158
968,glad,0.516,-0.127
968,truth,0.321,-0.402
968,alone,-0.448,-0.121
969,great,0.531,-0.204
969,assured,0.289,-0.382
969,gone,-0.457,-0.049
970,weeping,-0.359,0.418
970,close,-0.390,-0.025
970,see,-0.179,-0.265
971,fighting,0.285,0.428
971,quiet,-0.093,-0.486
971,uproar,0.050,0.441
972,inferior,-0.522,-0.013
972,grieved,-0.440,0.246
972,strength,0.496,-0.078
973,mighty,0.653,-0.006
973,feast,0.476,-0.184
973,may,-0.192,-0.315
974,queen,0.539,-0.124
974,rest,-0.101,-0.532
974,water,-0.076,-0.488
975,victory,0.642,-0.136
975,neglect,-0.447,0.349
975,power,0.518,-0.022
976,lucky,0.494,-0.244
976,mad,-0.123,0.451
976,beggar,-0.454,0.104
977,war,0.113,0.626
977,crime,0.092,0.621
977,angered,-0.038,0.605
978,strong,0.608,-0.112
978,quarrel,0.009,0.576
978,king,0.463,0.020
979,afraid,-0.297,0.533
979,brave,0.589,-0.054
979,feeble,-0.559,0.080
980,great,0.531,-0.204
980,scandal,0.006,0.497
980,noble,0.208,-0.396
981,glory,0.565,-0.149
981,mother,0.333,-0.366
981,force,0.468,0.109
982,sleep,-0.203,-0.448
982,dear,0.251,-0.315
982,heart,0.302,-0.228
983,idiot,-0.454,0.329
983,death,-0.149,0.490
983,frightened,-0.199,0.459
984,threatened,-0.124,0.613
984,sick,-0.494,0.223
984,spite,-0.294,0.365
985,fighting,0.285,0.428
985,quiet,-0.093,-0.486
985,uproar,0.050,0.441
986,absence,-0.469,0.058
986,home,0.099,-0.413
986,lying,-0.180,0.344
987,successful,0.647,-0.152
987,skilled,0.557,-0.182
987,twisted,-0.238,0.465
988,dismayed,-0.135,0.400
988,fly,0.388,0.009
988,son,0.101,-0.303
989,strong,0.608,-0.112
989,disgraced,-0.318,0.411
989,gone,-0.457,-0.049
990,mighty,0.653,-0.006
990,killing,0.152,0.629
990,armed,0.187,0.411
991,kill,0.158,0.638
991,brave,0.589,-0.054
991,hit,0.203,0.496
992,upset,-0.251,0.427
992,shooting,0.168,0.463
992,soiled,-0.390,0.293
993,doomed,-0.251,0.499
993,death,-0.149,0.490
993,youth,0.440,-0.232
994,die,-0.281,0.512
994,fear,-0.200,0.534
994,low,-0.526,-0.059
995,worth,0.471,-0.246
995,gold,0.446,-0.181
995,drunk,-0.190,0.417
996,enraged,0.111,0.626
996,shoot,0.091,0.594
996,fight,0.415,0.244
997,alarm,0.197,0.459
997,raise,0.472,-0.140
997,keen,0.487,-0.070
998,cup,-0.297,-0.324
998,closed,-0.422,-0.051
998,darkness,-0.209,0.355
999,father,0.310,-0.327
999,hack,-0.054,0.415
999,down,-0.398,0.084
1000,alone,-0.448,-0.121
1000,armed,0.187,0.411
1000,speed,0.390,0.089
1001,leading,0.584,-0.078
1001,shooting,0.168,0.463
1001,trap,-0.224,0.358
1002,dangerously,0.044,0.601
1002,brave,0.589,-0.054
1002,attack,0.230,0.471
1003,greatness,0.684,-0.163
1003,danger,0.136,0.577
1003,fail,-0.374,0.273
1004,suspect,-0.057,0.438
1004,fault,-0.356,0.252
1004,may,-0.192,-0.315
1005,kill,0.158,0.638
1005,revenge,0.168,0.504
1005,scoundrel,-0.151,0.455
1006,agony,-0.154,0.487
1006,close,-0.390,-0.025
1006,room,-0.030,-0.318
1007,painful,-0.232,0.485
1007,hair,-0.264,-0.285
1007,other,-0.317,-0.176
1008,fury,0.088,0.583
1008,cruel,-0.092,0.521
1008,feast,0.476,-0.184
1009,glad,0.516,-0.127
1009,good,0.180,-0.406
1009,uproar,0.050,0.441
1010,furious,0.069,0.633
1010,fighting,0.285,0.428
1010,father,0.310,-0.327
1011,valiant,0.599,-0.089
1011,less,-0.520,-0.026
1011,strength,0.496,-0.078
1012,victory,0.642,-0.136
1012,brave,0.589,-0.054
1012,fight,0.415,0.244
1013,killing,0.152,0.629
1013,glory,0.565,-0.149
1013,gone,-0.457,-0.049
1014,hit,0.203,0.496
1014,harm,-0.183,0.429
1014,friends,0.309,-0.298
1015,dead,-0.467,0.279
1015,forward,0.325,-0.320
1015,second,-0.325,-0.203
1016,foolish,-0.492,-0.052
1016,crowd,0.249,0.344
1016,heaven,0.214,-0.361
1017,deadly,0.028,0.501
1017,clean,0.005,-0.464
1017,hearts,0.364,-0.255
1018,kill,0.158,0.638
1018,horrible,-0.117,0.552
1018,enjoy,0.517,-0.166
1019,die,-0.281,0.512
1019,folly,-0.097,0.452
1019,marry,0.449,-0.096
1020,life,0.497,-0.209
1020,trap,-0.224,0.358
1020,court,0.355,0.215
1021,end,-0.369,0.106
1021,embrace,0.184,-0.334
1021,mercy,-0.021,-0.345
1022,strong,0.608,-0.112
1022,inspiration,0.468,-0.236
1022,kind,0.169,-0.476
1023,hurt,-0.239,0.496
1023,raging,0.135,0.502
1023,good,0.180,-0.406
1024,rage,0.091,0.577
1024,prosper,0.538,-0.208
1024,fear,-0.200,0.534
1025,great,0.531,-0.204
1025,water,-0.076,-0.488
1025,lie,-0.242,0.413
1026,bloody,-0.025,0.623
1026,father,0.310,-0.327
1026,filth,-0.240,0.277
1027,joy,0.606,-0.111
1027,destruction,0.088,0.588
1027,rich,0.544,-0.171
1028,poor,-0.538,0.133
1028,punishment,-0.026,0.527
1028,wickedness,-0.166,0.493
1029,dead,-0.467,0.279
1029,mother,0.333,-0.366
1029,sleep,-0.203,-0.448
1030,weeping,-0.359,0.418
1030,love,0.383,-0.341
1030,forgotten,-0.466,0.027
1031,dirt,-0.384,0.269
1031,clean,0.005,-0.464
1031,orderly,0.163,-0.421
1032,die,-0.281,0.512
1032,death,-0.149,0.490
1032,insolent,-0.229,0.386
1033,fury,0.088,0.583
1033,terrible,0.023,0.563
1033,court,0.355,0.215
1034,true,0.367,-0.319
1034,pollution,-0.165,0.448
1034,shirt,-0.246,-0.371
1035,weep,-0.408,0.392
1035,remembered,0.191,-0.412
1035,book,0.088,-0.414
1036,joy,0.606,-0.111
1036,ill,-0.473,0.234
1036,trouble,-0.068,0.476
1037,poor,-0.538,0.133
1037,foolish,-0.492,-0.052
1037,reasonable,0.286,-0.393
1038,scolding,-0.115,0.536
1038,mocking,-0.163,0.474
1038,protect,0.474,-0.074
1039,revenge,0.168,0.504
1039,couch,-0.372,-0.369
1039,wicked,0.055,0.474
1040,great,0.531,-0.204
1040,father,0.310,-0.327
1040,purify,0.245,-0.358
1041,happy,0.558,-0.188
1041,badly,-0.363,0.306
1041,delighted,0.430,-0.196
1042,rich,0.544,-0.171
1042,dead,-0.467,0.279
1042,respected,0.430,-0.321
1043,wisdom,0.388,-0.432
1043,wise,0.330,-0.430
1043,cruel,-0.092,0.521
1044,upper,0.400,-0.138
1044,down,-0.398,0.084
1044,embrace,0.184,-0.334
1045,brave,0.589,-0.054
1045,lost,-0.327,0.315
1045,silent,-0.354,-0.245
1046,absence,-0.469,0.058
1046,gone,-0.457,-0.049
1046,heart,0.302,-0.228
1047,mother,0.333,-0.366
1047,dirt,-0.384,0.269
1047,alone,-0.448,-0.121
1048,killing,0.152,0.629
1048,youth,0.440,-0.232
1048,good,0.180,-0.406
1049,death,-0.149,0.490
1049,strength,0.496,-0.078
1049,fail,-0.374,0.273
1050,stately,0.573,-0.064
1050,queen,0.539,-0.124
1050,settle,0.372,-0.215
1051,glorified,0.494,-0.199
1051,grow,0.446,-0.209
1051,protect,0.474,-0.074
1052,studied,0.271,-0.327
1052,heaven,0.214,-0.361
1052,unyielding,0.252,0.317
1053,kind,0.169,-0.476
1053,sleep,-0.203,-0.448
1053,dear,0.251,-0.315
1054,strong,0.608,-0.112
1054,marvellous,0.588,-0.046
1054,skilled,0.557,-0.182
1055,bored,-0.552,0.009
1055,tree,-0.140,-0.389
1055,down,-0.398,0.084
1056,weeping,-0.359,0.418
1056,learn,0.472,-0.128
1056,gold,0.446,-0.181
1057,happiness,0.593,-0.158
1057,fear,-0.200,0.534
1057,angry,0.045,0.505
1058,marriage,0.440,-0.111
1058,father,0.310,-0.327
1058,belief,0.250,-0.366
1059,fury,0.088,0.583
1059,thankful,0.314,-0.438
1059,wrecked,-0.313,0.377
1060,sorrow,-0.593,0.127
1060,suffer,-0.187,0.575
1060,troubles,-0.222,0.559
1061,enjoy,0.517,-0.166
1061,blessed,0.240,-0.440
1061,lie,-0.242,0.413
1062,food,0.129,-0.401
1062,dear,0.251,-0.315
1062,travel,0.330,-0.180
1063,life,0.497,-0.209
1063,death,-0.149,0.490
1063,gently,-0.011,-0.476
1064,happier,0.590,-0.162
1064,peace,0.136,-0.550
1064,rest,-0.101,-0.532
1065,love,0.383,-0.341
1065,sleep,-0.203,-0.448
1065,wicked,0.055,0.474
1066,victory,0.642,-0.136
1066,brave,0.589,-0.054
1066,trouble,-0.068,0.476
1067,hurricane,0.266,0.562
1067,great,0.531,-0.204
1067,destroyed,-0.293,0.465
1068,terrible,0.023,0.563
1068,wondrous,0.492,-0.119
1068,mother,0.333,-0.366
1069,suffering,-0.326,0.487
1069,abundance,0.501,-0.080
1069,grow,0.446,-0.209
1070,troubles,-0.222,0.559
1070,comfortable,0.032,-0.542
1070,absence,-0.469,0.058
1071,killing,0.152,0.629
1071,grieved,-0.440,0.246
1071,force,0.468,0.109
1072,leading,0.584,-0.078
1072,armed,0.187,0.411
1072,book,0.088,-0.414
1073,peace,0.136,-0.550
1073,attack,0.230,0.471
1073,fly,0.388,0.009
1074,sorrow,-0.593,0.127
1074,death,-0.149,0.490
1074,healer,0.297,-0.336
1075,hero,0.641,-0.091
1075,brave,0.589,-0.054
1075,fighting,0.285,0.428
1076,happy,0.558,-0.188
1076,miserable,-0.463,0.277
1076,died,-0.292,0.443
1077,hurricane,0.266,0.562
1077,fear,-0.200,0.534
1077,great,0.531,-0.204
1078,weeping,-0.359,0.418
1078,wise,0.330,-0.430
1078,pity,-0.497,0.159
1079,rich,0.544,-0.171
1079,slay,0.079,0.559
1079,tramp,-0.421,0.277
1080,mother,0.333,-0.366
1080,gone,-0.457,-0.049
1080,noble,0.208,-0.396
1081,fame,0.574,-0.096
1081,lost,-0.327,0.315
1081,loved,0.249,-0.338
1082,destruction,0.088,0.588
1082,wicked,0.055,0.474
1082,talk,0.160,-0.343
1083,raise,0.472,-0.140
1083,fine,0.143,-0.406
1083,down,-0.398,0.084
1084,king,0.463,0.020
1084,marry,0.449,-0.096
1084,end,-0.369,0.106
1085,hero,0.641,-0.091
1085,dead,-0.467,0.279
1085,skill,0.510,-0.098
1086,great,0.531,-0.204
1086,fooled,-0.319,0.446
1086,accomplished,0.409,-0.241
1087,miserable,-0.463,0.277
1087,beggar,-0.454,0.104
1087,god,0.416,-0.158
1088,inspired,0.500,-0.189
1088,wife,0.314,-0.186
1088,house,-0.107,-0.313
1089,deadly,0.028,0.501
1089,glaring,0.453,0.075
1089,fly,0.388,0.009
1090,battered,-0.211,0.495
1090,hideous,-0.209,0.461
1090,friends,0.309,-0.298
1091,excellence,0.580,-0.231
1091,happy,0.558,-0.188
1091,die,-0.281,0.512
1092,hateful,-0.112,0.527
1092,disgrace,-0.326,0.332
1092,good,0.180,-0.406
1093,kill,0.158,0.638
1093,absence,-0.469,0.058
1093,fail,-0.374,0.273
1094,dirty,-0.431,0.209
1094,alone,-0.448,-0.121
1094,father,0.310,-0.327
1095,sorrow,-0.593,0.127
1095,excellent,0.543,-0.264
1095,weep,-0.408,0.392
1096,idle,-0.600,-0.014
1096,poor,-0.538,0.133
1096,slave,-0.276,0.426
1097,dull,-0.562,-0.054
1097,dead,-0.467,0.279
1097,true,0.367,-0.319
1098,abundance,0.501,-0.080
1098,family,0.281,-0.413
1098,gold,0.446,-0.181
1099,skilled,0.557,-0.182
1099,wealth,0.502,-0.149
1099,wicked,0.055,0.474
1100,wild,0.289,0.438
1100,unhappy,-0.443,0.266
1100,mother,0.333,-0.366
1101,natural,-0.020,-0.520
1101,death,-0.149,0.490
1101,gone,-0.457,-0.049
1102,king,0.463,0.020
1102,good,0.180,-0.406
1102,fine,0.143,-0.406
1103,hope,0.298,-0.425
1103,cloud,-0.170,-0.433
1103,father,0.310,-0.327
1104,killing,0.152,0.629
1104,punish,0.008,0.535
1104,lose,-0.408,0.291
1105,kind,0.169,-0.476
1105,pear,-0.263,-0.375
1105,grapes,-0.174,-0.396
1106,afraid,-0.297,0.533
1106,strength,0.496,-0.078
1106,folly,-0.097,0.452
1107,water,-0.076,-0.488
1107,trouble,-0.068,0.476
1107,garden,-0.027,-0.383
1108,strong,0.608,-0.112
1108,fortress,0.471,-0.210
1108,immortal,0.488,-0.041
1109,great,0.531,-0.204
1109,feast,0.476,-0.184
1109,able,0.367,-0.194
1110,mother,0.333,-0.366
1110,lost,-0.327,0.315
1110,surprise,0.411,-0.010
1111,prosper,0.538,-0.208
1111,restored,0.317,-0.336
1111,order,0.269,-0.330
1112,terrible,0.023,0.563
1112,dead,-0.467,0.279
1112,rose,-0.008,-0.423
1113,killing,0.152,0.629
1113,weeping,-0.359,0.418
1113,death,-0.149,0.490
1114,murder,0.076,0.627
1114,die,-0.281,0.512
1114,avenge,0.005,0.564
1115,furiously,0.098,0.616
1115,fear,-0.200,0.534
1115,future,0.469,-0.169
1116,honesty,0.340,-0.368
1116,folly,-0.097,0.452
1116,wrong,-0.203,0.387
1117,evil,-0.040,0.560
1117,rest,-0.101,-0.532
1117,truth,0.321,-0.402
1118,peace,0.136,-0.550
1118,revenge,0.168,0.504
1118,fighting,0.285,0.428
1119,massacre,0.053,0.612
1119,reign,0.454,-0.159
1119,plenty,0.451,-0.145
1120,leading,0.584,-0.078
1120,glad,0.516,-0.127
1120,spite,-0.294,0.365
1121,courage,0.526,-0.067
1121,enjoying,0.514,-0.106
1121,engagement,0.466,-0.221
1122,hit,0.203,0.496
1122,father,0.310,-0.327
1122,fresh,0.045,-0.442
1123,war,0.113,0.626
1123,bloodshed,0.004,0.633
1123,foe,-0.087,0.534
1124,great,0.531,-0.204
1124,angry,0.045,0.505
1124,cry,-0.299,0.343
1125,low,-0.526,-0.059
1125,less,-0.520,-0.026
1125,dirty,-0.431,0.209
1126,famous,0.615,-0.095
1126,mistake,-0.393,0.253
1126,reading,-0.073,-0.425
1127,minor,-0.486,-0.016
1127,fooling,-0.128,0.412
1127,encouraging,0.385,-0.166
1128,inferior,-0.522,-0.013
1128,writer,0.274,-0.326
1128,distinguished,0.393,-0.158
1129,sleep,-0.203,-0.448
1129,false,-0.423,0.198
1129,common,-0.260,-0.337
1130,jealousy,-0.055,0.450
1130,shirt,-0.246,-0.371
1130,good,0.180,-0.406
1131,shoot,0.091,0.594
1131,may,-0.192,-0.315
1131,know,0.213,-0.279
1132,money,0.459,-0.160
1132,straw,-0.354,-0.145
1132,words,-0.051,-0.349
1133,suspect,-0.057,0.438
1133,court,0.355,0.215
1133,obstacle,-0.167,0.350
1134,sun,0.271,-0.334
1134,unconscious,-0.419,0.076
1134,heart,0.302,-0.228
1135,kind,0.169,-0.476
1135,ashes,-0.451,-0.042
1135,supported,0.213,-0.314
1136,correct,0.246,-0.382
1136,lost,-0.327,0.315
1136,reading,-0.073,-0.425
1137,feast,0.476,-0.184
1137,jealous,-0.105,0.475
1137,wicked,0.055,0.474
1138,slaughter,0.067,0.641
1138,uninvited,-0.399,0.209
1138,writer,0.274,-0.326
1139,dead,-0.467,0.279
1139,enjoy,0.517,-0.166
1139,stuck,-0.260,0.341
1140,upper,0.400,-0.138
1140,journey,0.391,-0.152
1140,unlikely,-0.398,0.012
1141,noticeable,0.405,-0.229
1141,view,0.137,-0.427
1141,desire,0.395,-0.148
1142,rest,-0.101,-0.532
1142,less,-0.520,-0.026
1142,marriage,0.440,-0.111
1143,mistake,-0.393,0.253
1143,book,0.088,-0.414
1143,clear,0.148,-0.374
1144,treasures,0.560,-0.064
1144,together,0.249,-0.338
1144,middle,-0.330,-0.214
1145,triumph,0.684,-0.116
1145,strong,0.608,-0.112
1145,great,0.531,-0.204
1146,hit,0.203,0.496
1146,marry,0.449,-0.096
1146,descent,-0.394,0.063
1147,insulting,-0.104,0.524
1147,writer,0.274,-0.326
1147,laughing,0.273,-0.226
1148,pleasant,0.253,-0.441
1148,little,-0.428,-0.163
1148,good,0.180,-0.406
1149,hazard,0.176,0.556
1149,corruption,-0.030,0.554
1149,fearing,-0.332,0.306
1150,important,0.468,-0.133
1150,reading,-0.073,-0.425
1150,reader,0.079,-0.385
1151,lie,-0.242,0.413
1151,familiar,0.204,-0.406
1151,conviction,0.391,0.071
1152,friend,0.213,-0.351
1152,suspicion,-0.136,0.354
1152,original,0.300,-0.195
1153,water,-0.076,-0.488
1153,unable,-0.425,0.225
1153,gardens,-0.153,-0.413
1154,family,0.281,-0.413
1154,suspect,-0.057,0.438
1154,know,0.213,-0.279
1155,great,0.531,-0.204
1155,ignorant,-0.417,0.249
1155,king,0.463,0.020
1156,malice,-0.070,0.523
1156,god,0.416,-0.158
1156,knowing,0.210,-0.335
1157,greatness,0.684,-0.163
1157,sleep,-0.203,-0.448
1157,absence,-0.469,0.058
1158,utmost,0.483,0.022
1158,importance,0.426,-0.110
1158,writer,0.274,-0.326
1159,upper,0.400,-0.138
1159,court,0.355,0.215
1159,end,-0.369,0.106
1160,fortunate,0.522,-0.199
1160,appropriate,0.290,-0.321
1160,common,-0.260,-0.337
1161,omitted,-0.455,-0.021
1161,provided,0.222,-0.363
1161,reader,0.079,-0.385
1162,talent,0.505,-0.245
1162,threat,0.113,0.523
1162,pleased,0.455,-0.272
1163,suspect,-0.057,0.438
1163,third,-0.266,-0.261
1163,words,-0.051,-0.349
1164,idle,-0.600,-0.014
1164,plenty,0.451,-0.145
1164,good,0.180,-0.406
1165,wrong,-0.203,0.387
1165,text,-0.183,-0.316
1165,note,-0.175,-0.304
1166,venture,0.448,-0.065
1166,genuine,0.297,-0.298
1166,knowing,0.210,-0.335
1167,absurdity,-0.376,0.286
1167,second,-0.325,-0.203
1167,think,0.184,-0.265
